origin,destination,count
ABE,ATL,853
ABE,BHM,1
ABE,CLE,805
ABE,CLT,465
ABE,CVG,247
ABE,DTW,997
ABE,JFK,3
ABE,LGA,9
ABE,ORD,1425
ABE,PHL,2
ABI,DFW,2660
ABQ,AMA,368
ABQ,ATL,1067
ABQ,AUS,433
ABQ,BWI,546
ABQ,CLE,12
ABQ,CVG,260
ABQ,DAL,3078
ABQ,DEN,4318
ABQ,DFW,2888
ABQ,ELP,799
ABQ,EWR,167
ABQ,HOU,1011
ABQ,IAD,365
ABQ,IAH,2261
ABQ,LAS,2402
ABQ,LAX,2395
ABQ,LBB,366
ABQ,MAF,367
ABQ,MCI,670
ABQ,MCO,730
ABQ,MDW,730
ABQ,MSP,677
ABQ,OAK,1016
ABQ,OKC,229
ABQ,ONT,446
ABQ,ORD,751
ABQ,PDX,366
ABQ,PHX,5265
ABQ,SAN,1034
ABQ,SAT,424
ABQ,SEA,721
ABQ,SFO,530
ABQ,SLC,2307
ABQ,SMF,466
ABQ,STL,366
ABQ,TPA,366
ABQ,TUL,230
ABQ,TUS,719
ABY,ATL,1095
ACK,EWR,234
ACK,JFK,223
ACT,DFW,1993
ACV,CEC,362
ACV,MRY,2
ACV,SFO,2343
ACV,SJC,1
ACV,SLC,388
ACV,SMF,618
ACY,ATL,113
ACY,JFK,1
ACY,LGA,2
ADK,ANC,102
ADQ,ANC,706
AEX,ATL,983
AEX,DFW,1005
AEX,IAH,342
AGS,ATL,2380
AGS,CLT,16
AGS,LGA,7
AKN,ANC,78
AKN,DLG,38
ALB,ATL,1154
ALB,BOS,1
ALB,BWI,2297
ALB,CLE,1113
ALB,CLT,956
ALB,CVG,914
ALB,DCA,327
ALB,DTW,1013
ALB,EWR,611
ALB,FLL,60
ALB,JFK,367
ALB,LAS,366
ALB,MCO,1037
ALB,MDW,730
ALB,MSP,57
ALB,ORD,1630
ALB,PHL,449
ALB,SBN,1
ALB,TPA,391
ALO,MSP,323
AMA,ABQ,366
AMA,DAL,2669
AMA,DEN,729
AMA,DFW,2556
AMA,IAH,809
AMA,LAS,366
AMA,TUL,1
ANC,ADK,102
ANC,ADQ,706
ANC,AKN,116
ANC,ATL,115
ANC,BET,1035
ANC,CDV,362
ANC,CVG,90
ANC,DEN,451
ANC,DFW,153
ANC,DLG,78
ANC,DTW,96
ANC,FAI,3217
ANC,HNL,236
ANC,IAH,207
ANC,JNU,1163
ANC,LAS,237
ANC,LAX,238
ANC,MSP,826
ANC,OGG,27
ANC,OME,365
ANC,ORD,561
ANC,OTZ,725
ANC,PDX,576
ANC,PHX,366
ANC,SCC,363
ANC,SEA,6257
ANC,SFO,181
ANC,SLC,478
ASE,ATL,16
ASE,DEN,3992
ASE,GJT,1
ASE,LAX,334
ASE,MSN,1
ASE,ORD,332
ASE,PHX,109
ASE,RFD,1
ASE,SFO,62
ASE,SLC,459
ATL,ABE,852
ATL,ABQ,1064
ATL,ABY,1095
ATL,ACY,113
ATL,AEX,982
ATL,AGS,2381
ATL,ALB,1153
ATL,ANC,115
ATL,ASE,16
ATL,ATW,742
ATL,AUS,2255
ATL,AVL,1936
ATL,AVP,584
ATL,BDL,2140
ATL,BGR,270
ATL,BHM,2871
ATL,BMI,2509
ATL,BNA,3096
ATL,BOI,41
ATL,BOS,5990
ATL,BQK,924
ATL,BTR,2665
ATL,BTV,500
ATL,BUF,3578
ATL,BWI,5978
ATL,BZN,60
ATL,CAE,2494
ATL,CAK,3902
ATL,CHA,2082
ATL,CHO,786
ATL,CHS,4492
ATL,CID,357
ATL,CLE,2865
ATL,CLT,6720
ATL,CMH,1796
ATL,COS,589
ATL,CRP,5
ATL,CRW,1430
ATL,CSG,1481
ATL,CVG,2810
ATL,DAB,2413
ATL,DAY,4372
ATL,DCA,7289
ATL,DEN,5726
ATL,DFW,9847
ATL,DHN,1397
ATL,DSM,1114
ATL,DTW,5612
ATL,EGE,110
ATL,ELP,575
ATL,EVV,1150
ATL,EWN,791
ATL,EWR,8028
ATL,EYW,974
ATL,FAY,2173
ATL,FCA,25
ATL,FLL,7665
ATL,FLO,614
ATL,FNT,3132
ATL,FSD,135
ATL,FSM,632
ATL,FWA,1028
ATL,GNV,2064
ATL,GPT,3441
ATL,GRB,93
ATL,GRK,642
ATL,GRR,1352
ATL,GSO,2866
ATL,GSP,2450
ATL,GTR,964
ATL,GUC,2
ATL,HDN,107
ATL,HHH,836
ATL,HNL,637
ATL,HOU,3593
ATL,HPN,2155
ATL,HSV,2627
ATL,IAD,5309
ATL,IAH,5268
ATL,ICT,3146
ATL,ILM,1996
ATL,IND,3517
ATL,ISP,214
ATL,JAC,118
ATL,JAN,2694
ATL,JAX,5656
ATL,JFK,1915
ATL,LAS,4766
ATL,LAW,544
ATL,LAX,5406
ATL,LEX,2213
ATL,LFT,995
ATL,LGA,10506
ATL,LIT,2527
ATL,LWB,185
ATL,LYH,625
ATL,MCI,4140
ATL,MCN,652
ATL,MCO,9613
ATL,MDT,1789
ATL,MDW,3256
ATL,MEI,674
ATL,MEM,4866
ATL,MFE,9
ATL,MGM,2513
ATL,MHT,695
ATL,MIA,6628
ATL,MKE,3610
ATL,MLB,2000
ATL,MLI,2590
ATL,MLU,983
ATL,MOB,2224
ATL,MSN,384
ATL,MSP,5368
ATL,MSY,4695
ATL,MTJ,37
ATL,MYR,1853
ATL,OAJ,1178
ATL,OAK,90
ATL,OKC,1883
ATL,OMA,1730
ATL,ONT,796
ATL,ORD,7677
ATL,ORF,2784
ATL,PBI,4263
ATL,PDX,1095
ATL,PFN,2548
ATL,PHF,4158
ATL,PHL,6915
ATL,PHX,4603
ATL,PIA,622
ATL,PIT,4555
ATL,PNS,4429
ATL,PVD,1389
ATL,PWM,904
ATL,RDU,5411
ATL,RIC,4532
ATL,RNO,167
ATL,ROA,1732
ATL,ROC,2489
ATL,RSW,4193
ATL,SAN,2857
ATL,SAT,3239
ATL,SAV,3892
ATL,SBN,1038
ATL,SCE,121
ATL,SDF,2754
ATL,SEA,2574
ATL,SFO,3462
ATL,SGF,1171
ATL,SHV,1816
ATL,SJC,640
ATL,SJU,1874
ATL,SLC,2860
ATL,SMF,682
ATL,SNA,1461
ATL,SRQ,3326
ATL,STL,3958
ATL,STT,451
ATL,STX,67
ATL,SWF,1617
ATL,SYR,1419
ATL,TLH,2484
ATL,TOL,119
ATL,TPA,7311
ATL,TRI,1809
ATL,TUL,1981
ATL,TUP,9
ATL,TUS,668
ATL,TYS,2428
ATL,VLD,938
ATL,VPS,3046
ATL,XNA,1769
ATW,ATL,743
ATW,CHS,1
ATW,CVG,697
ATW,DSM,1
ATW,DTW,1020
ATW,MKE,1032
ATW,MSP,90
ATW,ORD,2288
ATW,XNA,1
AUS,ABQ,435
AUS,ATL,2252
AUS,BNA,792
AUS,BOS,368
AUS,BWI,730
AUS,CLE,380
AUS,CLT,659
AUS,CVG,653
AUS,DAL,5573
AUS,DEN,2673
AUS,DFW,5506
AUS,DSM,1
AUS,DTW,1
AUS,ELP,1349
AUS,EWR,949
AUS,FLL,481
AUS,HOU,2319
AUS,HRL,367
AUS,IAD,670
AUS,IAH,3691
AUS,IND,218
AUS,JAX,226
AUS,JFK,1358
AUS,LAS,1231
AUS,LAX,1733
AUS,LBB,692
AUS,LGB,245
AUS,MAF,470
AUS,MCI,459
AUS,MCO,632
AUS,MDW,712
AUS,MEM,834
AUS,MSP,55
AUS,MSY,444
AUS,OAK,236
AUS,OKC,88
AUS,ONT,305
AUS,ORD,2514
AUS,ORF,1
AUS,PHL,290
AUS,PHX,2783
AUS,RDU,231
AUS,SAN,719
AUS,SEA,149
AUS,SFO,610
AUS,SJC,968
AUS,SLC,548
AUS,SNA,245
AUS,STL,95
AUS,TPA,367
AUS,TUL,88
AUS,TUS,228
AVL,ATL,1936
AVL,CVG,167
AVL,DTW,768
AVL,EWR,658
AVL,IAH,459
AVL,MCO,47
AVL,MSP,364
AVP,ATL,586
AVP,CVG,356
AVP,DTW,722
AVP,HPN,1
AVP,JFK,2
AVP,LGA,3
AVP,ORD,716
AZO,CVG,148
AZO,DTW,1177
AZO,FAR,1
AZO,MSP,245
AZO,ORD,2352
AZO,XNA,1
BDL,ATL,2141
BDL,BNA,366
BDL,BWI,2880
BDL,CLE,544
BDL,CLT,1834
BDL,CVG,1187
BDL,DCA,1182
BDL,DEN,214
BDL,DFW,1065
BDL,DTW,1516
BDL,EWR,766
BDL,FLL,546
BDL,GRB,1
BDL,IAD,1397
BDL,IAH,120
BDL,IND,585
BDL,JFK,602
BDL,LAS,366
BDL,LAX,132
BDL,MCO,1755
BDL,MDW,1028
BDL,MEM,48
BDL,MIA,366
BDL,MKE,536
BDL,MSP,986
BDL,ORD,3131
BDL,PBI,373
BDL,PHL,521
BDL,PHX,335
BDL,RDU,1150
BDL,RSW,134
BDL,SJU,366
BDL,TPA,1276
BET,ANC,1035
BFL,DEN,533
BFL,FAT,1
BFL,LAS,102
BFL,LAX,906
BFL,PHX,1194
BFL,SAN,225
BFL,SFO,943
BFL,SLC,371
BFL,SMF,227
BGM,DTW,728
BGR,ATL,270
BGR,BOS,793
BGR,BTV,1
BGR,CVG,129
BGR,DTW,801
BGR,EWR,536
BGR,JFK,338
BGR,MSP,11
BHM,ATL,2876
BHM,AUS,1
BHM,BNA,696
BHM,BWI,1038
BHM,CLE,264
BHM,CLT,786
BHM,CVG,598
BHM,DAL,1074
BHM,DEN,666
BHM,DFW,1287
BHM,DTW,892
BHM,EWR,668
BHM,HOU,723
BHM,HSV,1
BHM,IAD,245
BHM,IAH,2345
BHM,JAX,366
BHM,JFK,1
BHM,LAS,366
BHM,LGA,840
BHM,MCO,1196
BHM,MDW,709
BHM,MEM,886
BHM,MKE,1
BHM,MSY,1008
BHM,ORD,1497
BHM,PHX,366
BHM,RDU,159
BHM,SDF,679
BHM,SLC,8
BHM,STL,366
BHM,TPA,1071
BIL,DEN,1628
BIL,GTF,1
BIL,MSP,820
BIL,ORD,103
BIL,PIH,3
BIL,SLC,1950
BIS,DEN,1239
BIS,MSP,1052
BIS,RAP,2
BJI,MSP,74
BLI,SLC,120
BMI,ATL,2511
BMI,DFW,60
BMI,LAS,50
BMI,MCO,173
BMI,ORD,2007
BNA,ATL,3097
BNA,AUS,795
BNA,BDL,365
BNA,BHM,688
BNA,BOS,78
BNA,BWI,2502
BNA,CID,1
BNA,CLE,1147
BNA,CLT,2127
BNA,CMH,677
BNA,COS,1
BNA,CVG,769
BNA,DCA,1403
BNA,DEN,2529
BNA,DFW,2859
BNA,DTW,2708
BNA,EWR,1836
BNA,FLL,738
BNA,FSD,2
BNA,HOU,1504
BNA,IAD,418
BNA,IAH,2522
BNA,JAX,1382
BNA,JFK,523
BNA,LAS,1202
BNA,LAX,1400
BNA,LGA,1216
BNA,MCI,1302
BNA,MCO,1798
BNA,MDW,2993
BNA,MEM,1020
BNA,MIA,731
BNA,MKE,772
BNA,MSP,785
BNA,MSY,1012
BNA,OAK,363
BNA,ONT,365
BNA,ORD,3725
BNA,ORF,236
BNA,PHL,980
BNA,PHX,1124
BNA,PVD,366
BNA,RDU,1623
BNA,SAN,721
BNA,SAT,677
BNA,SEA,364
BNA,SLC,115
BNA,STL,258
BNA,TPA,1720
BOI,ATL,41
BOI,ATW,1
BOI,DEN,2064
BOI,GEG,1042
BOI,GJT,1
BOI,LAS,756
BOI,LAX,1001
BOI,MSP,807
BOI,OAK,666
BOI,ONT,471
BOI,ORD,787
BOI,PDX,1027
BOI,PHX,679
BOI,PIT,1
BOI,RNO,1029
BOI,SAN,475
BOI,SEA,1080
BOI,SFO,1754
BOI,SLC,3342
BOS,ACK,1
BOS,ATL,5982
BOS,AUS,368
BOS,BGR,794
BOS,BNA,2
BOS,BTV,1
BOS,BUF,729
BOS,BWI,4797
BOS,CAK,467
BOS,CHS,156
BOS,CLE,1362
BOS,CLT,3533
BOS,CMH,916
BOS,CVG,1937
BOS,DCA,8899
BOS,DEN,2077
BOS,DFW,3036
BOS,DTW,2306
BOS,EWR,3883
BOS,FLL,2476
BOS,GGG,1
BOS,GSO,141
BOS,IAD,4184
BOS,IAH,1800
BOS,IND,950
BOS,JAX,647
BOS,JFK,7372
BOS,LAS,1383
BOS,LAX,2234
BOS,LGA,12029
BOS,LGB,788
BOS,MCO,3474
BOS,MDW,344
BOS,MEM,200
BOS,MIA,2196
BOS,MKE,209
BOS,MSP,1635
BOS,MSY,254
BOS,MYR,45
BOS,OAK,516
BOS,ORD,7085
BOS,ORF,243
BOS,PBI,1743
BOS,PDX,366
BOS,PHF,715
BOS,PHL,6375
BOS,PHX,1069
BOS,PIT,591
BOS,RDU,3777
BOS,RIC,689
BOS,RSW,1716
BOS,SAN,608
BOS,SAV,89
BOS,SDF,80
BOS,SEA,979
BOS,SFO,2668
BOS,SJC,256
BOS,SJU,1274
BOS,SLC,707
BOS,SRQ,23
BOS,STL,865
BOS,STT,88
BOS,TPA,1785
BPT,IAH,276
BQK,ATL,925
BQN,EWR,366
BQN,JFK,661
BQN,MCO,492
BRO,IAH,1464
BRW,ANC,364
BRW,FAI,364
BTM,SLC,708
BTR,ATL,2663
BTR,CVG,2
BTR,DCA,129
BTR,DEN,1
BTR,DFW,2922
BTR,IAH,2009
BTR,MEM,999
BTR,MSY,1
BTR,ORD,215
BTV,ATL,500
BTV,BWI,538
BTV,CLE,614
BTV,CVG,153
BTV,DTW,826
BTV,EWR,879
BTV,IAD,129
BTV,IND,1
BTV,JFK,2207
BTV,MCO,346
BTV,MSP,75
BTV,ORD,737
BUF,ATL,3575
BUF,BOS,728
BUF,BWI,2439
BUF,CLE,633
BUF,CLT,1435
BUF,CVG,160
BUF,DCA,312
BUF,DFW,93
BUF,DTW,1510
BUF,EWR,1469
BUF,FLL,672
BUF,IAD,16
BUF,JFK,3679
BUF,LAS,589
BUF,MCO,1876
BUF,MDW,1276
BUF,MSP,227
BUF,ORD,3437
BUF,PHL,685
BUF,PHX,365
BUF,RSW,376
BUF,TPA,729
BUR,DEN,944
BUR,DFW,1376
BUR,IAD,163
BUR,JFK,1366
BUR,LAS,5162
BUR,OAK,5423
BUR,PDX,60
BUR,PHX,4751
BUR,PMD,1
BUR,PSP,1
BUR,RNO,1
BUR,SEA,1390
BUR,SFO,2258
BUR,SJC,3377
BUR,SLC,1673
BUR,SMF,3458
BUR,TUS,1
BWI,ABQ,549
BWI,ALB,2296
BWI,ATL,5972
BWI,AUS,728
BWI,BDL,2863
BWI,BHM,1037
BWI,BNA,2492
BWI,BOS,4795
BWI,BTV,539
BWI,BUF,2437
BWI,CLE,2543
BWI,CLT,3652
BWI,CMH,1683
BWI,CVG,1228
BWI,DAB,32
BWI,DAY,982
BWI,DEN,2664
BWI,DFW,2311
BWI,DTW,3105
BWI,EWR,507
BWI,FLL,2710
BWI,GRR,1
BWI,HOU,1262
BWI,IAH,1728
BWI,IND,1016
BWI,ISP,2427
BWI,JAN,664
BWI,JAX,1058
BWI,JFK,1134
BWI,LAS,1626
BWI,LAX,898
BWI,LGA,7
BWI,LIT,366
BWI,MCI,1025
BWI,MCO,4926
BWI,MDW,2809
BWI,MEM,827
BWI,MHT,3633
BWI,MIA,929
BWI,MKE,1290
BWI,MSP,974
BWI,MSY,392
BWI,OKC,366
BWI,ORD,3545
BWI,ORF,1683
BWI,PBI,1351
BWI,PHL,692
BWI,PHX,2098
BWI,PIT,1064
BWI,PVD,3988
BWI,PWM,995
BWI,RDU,2082
BWI,ROC,863
BWI,RSW,1336
BWI,SAN,721
BWI,SAT,729
BWI,SAV,1
BWI,SDF,1474
BWI,SEA,242
BWI,SFO,366
BWI,SJU,319
BWI,SLC,727
BWI,SRQ,245
BWI,STL,1682
BWI,TPA,3388
BZN,ATL,60
BZN,BTM,1
BZN,DEN,1293
BZN,DTW,19
BZN,IDA,1
BZN,LAX,13
BZN,MSP,878
BZN,ORD,337
BZN,SFO,28
BZN,SLC,2029
CAE,ATL,2508
CAE,CVG,927
CAE,DFW,1157
CAE,DTW,713
CAE,EWR,684
CAE,IAD,1386
CAE,IAH,164
CAE,LGA,609
CAE,MEM,706
CAE,ORD,1696
CAK,ATL,3905
CAK,BOS,467
CAK,CVG,40
CAK,DEN,779
CAK,DTW,1044
CAK,FLL,8
CAK,LAS,42
CAK,LGA,793
CAK,MCO,371
CAK,ORD,1049
CAK,RSW,137
CAK,TPA,359
CDC,LAX,1
CDC,SGU,1
CDC,SLC,666
CDV,ANC,363
CDV,YAK,362
CEC,ACV,360
CEC,SFO,703
CHA,ATL,2086
CHA,CVG,132
CHA,DFW,426
CHA,DTW,72
CHA,IAH,459
CHA,MEM,630
CHA,ORD,766
CHO,ATL,786
CHO,CVG,36
CHO,DCA,1
CHS,ATL,4494
CHS,BOS,156
CHS,CLE,150
CHS,CLT,1121
CHS,CVG,786
CHS,DFW,1155
CHS,DTW,756
CHS,EWR,1284
CHS,IAD,712
CHS,IAH,73
CHS,JAX,2
CHS,LGA,1413
CHS,MEM,714
CHS,MSP,27
CHS,ORD,1337
CHS,SAV,1
CIC,FAT,1
CIC,MRY,1
CIC,SFO,1390
CID,ATL,357
CID,CVG,874
CID,DEN,798
CID,DFW,1897
CID,DSM,1
CID,DTW,946
CID,LGA,156
CID,MKE,1
CID,MSP,416
CID,ORD,3931
CLD,LAX,2259
CLD,PHX,44
CLE,ABE,805
CLE,ABQ,12
CLE,ALB,1106
CLE,ATL,3115
CLE,AUS,380
CLE,BDL,516
CLE,BHM,264
CLE,BNA,1128
CLE,BOS,1354
CLE,BTV,613
CLE,BUF,620
CLE,BWI,2562
CLE,CHS,150
CLE,CLT,1981
CLE,CMH,17
CLE,CVG,493
CLE,DAB,12
CLE,DAY,869
CLE,DCA,934
CLE,DEN,976
CLE,DFW,1656
CLE,DSM,139
CLE,DTW,1359
CLE,EWR,2105
CLE,FLL,618
CLE,GRR,1136
CLE,GSO,148
CLE,GSP,510
CLE,IAD,1433
CLE,IAH,2151
CLE,IND,142
CLE,JAX,143
CLE,JFK,1392
CLE,LAS,1656
CLE,LAX,1050
CLE,LEX,15
CLE,LGA,2936
CLE,MCI,1230
CLE,MCO,1915
CLE,MDT,58
CLE,MDW,2561
CLE,MEM,1211
CLE,MHT,1235
CLE,MIA,399
CLE,MKE,2226
CLE,MSN,317
CLE,MSP,1693
CLE,MSY,54
CLE,OKC,32
CLE,OMA,430
CLE,ORD,4569
CLE,ORF,2
CLE,PBI,383
CLE,PHL,674
CLE,PHX,1110
CLE,PVD,360
CLE,PWM,306
CLE,RDU,319
CLE,RIC,905
CLE,ROC,928
CLE,RSW,595
CLE,SAN,85
CLE,SAT,232
CLE,SAV,321
CLE,SDF,679
CLE,SEA,231
CLE,SFO,466
CLE,SJU,43
CLE,SLC,346
CLE,SRQ,118
CLE,STL,1191
CLE,SYR,696
CLE,TPA,874
CLE,TUL,10
CLE,TYS,495
CLL,DFW,1105
CLL,IAH,262
CLT,ABE,465
CLT,AGS,17
CLT,ALB,978
CLT,ATL,6722
CLT,ATW,1
CLT,AUS,660
CLT,BDL,1834
CLT,BHM,787
CLT,BNA,2126
CLT,BOS,3551
CLT,BUF,1434
CLT,BWI,3684
CLT,CHS,1122
CLT,CLE,1971
CLT,CMH,125
CLT,CVG,877
CLT,DAB,23
CLT,DCA,2988
CLT,DEN,1925
CLT,DFW,3796
CLT,DTW,2701
CLT,EGE,13
CLT,EWR,5953
CLT,FAY,95
CLT,FLL,3295
CLT,GRR,1
CLT,GSO,985
CLT,HSV,13
CLT,IAD,3126
CLT,IAH,3711
CLT,ILM,1257
CLT,IND,1230
CLT,JAX,2524
CLT,JFK,1866
CLT,LAS,1734
CLT,LAX,1458
CLT,LGA,5339
CLT,LIT,39
CLT,MCI,1183
CLT,MCO,3277
CLT,MDT,1144
CLT,MDW,13
CLT,MEM,2578
CLT,MHT,705
CLT,MIA,2970
CLT,MKE,243
CLT,MSP,1816
CLT,MSY,1466
CLT,MYR,2217
CLT,OAJ,6
CLT,ORD,5639
CLT,ORF,1543
CLT,PBI,1873
CLT,PDX,136
CLT,PHL,3525
CLT,PHX,2186
CLT,PIT,2349
CLT,PNS,371
CLT,PVD,1439
CLT,PWM,276
CLT,RDU,2340
CLT,RIC,1801
CLT,ROC,412
CLT,RSW,1765
CLT,SAN,704
CLT,SAT,661
CLT,SAV,1432
CLT,SDF,796
CLT,SEA,481
CLT,SFO,1427
CLT,SJU,796
CLT,SLC,212
CLT,SMF,76
CLT,SRQ,207
CLT,STL,1094
CLT,STT,418
CLT,STX,20
CLT,SYR,747
CLT,TLH,240
CLT,TPA,2811
CLT,TRI,16
CLT,TUS,208
CMH,ATL,1808
CMH,BNA,685
CMH,BOS,661
CMH,BWI,1681
CMH,CLE,24
CMH,CLT,125
CMH,CVG,1185
CMH,DCA,77
CMH,DEN,385
CMH,DFW,1694
CMH,DTW,1909
CMH,EWR,1646
CMH,GRB,1
CMH,GRR,1
CMH,IAH,841
CMH,ICT,1
CMH,JFK,515
CMH,LAS,1341
CMH,LAX,48
CMH,LGA,2355
CMH,MCI,164
CMH,MCO,1074
CMH,MDW,2643
CMH,MEM,1057
CMH,MIA,469
CMH,MKE,1054
CMH,MSP,1076
CMH,OMA,1
CMH,ORD,4959
CMH,PBI,5
CMH,PHL,996
CMH,PHX,1096
CMH,RDU,500
CMH,RSW,137
CMH,SLC,291
CMH,STL,679
CMH,SYR,1
CMH,TPA,972
CMI,ABI,1
CMI,DFW,366
CMI,ORD,2406
CMI,SPI,1
CMX,MSP,318
COD,DEN,481
COD,SLC,707
COS,ABQ,1
COS,ATL,591
COS,CLE,1
COS,CVG,104
COS,DEN,4193
COS,DFW,2036
COS,FAT,1
COS,IAH,1725
COS,LAN,1
COS,LAS,98
COS,LAX,997
COS,MCI,179
COS,MEM,117
COS,MKE,1
COS,MSP,450
COS,ONT,460
COS,ORD,1519
COS,PHX,1393
COS,SAN,472
COS,SFO,364
COS,SLC,1074
COS,SMF,424
CPR,DEN,1536
CPR,MSP,32
CPR,ORD,134
CPR,PIH,1
CPR,SLC,1006
CRP,ATL,6
CRP,DFW,2510
CRP,HOU,1933
CRP,IAH,821
CRW,ATL,1430
CRW,BNA,1
CRW,CVG,391
CRW,DTW,208
CRW,IAH,674
CRW,LEX,1
CRW,ORD,709
CSG,ATL,1481
CVG,ABE,248
CVG,ABQ,260
CVG,ALB,912
CVG,ANC,90
CVG,ATL,2758
CVG,ATW,697
CVG,AUS,653
CVG,AVL,167
CVG,AVP,357
CVG,AZO,149
CVG,BDL,1157
CVG,BGR,127
CVG,BHM,852
CVG,BNA,902
CVG,BOS,1859
CVG,BTR,2
CVG,BTV,152
CVG,BUF,160
CVG,BWI,1235
CVG,CAE,942
CVG,CAK,39
CVG,CHA,132
CVG,CHO,35
CVG,CHS,786
CVG,CID,873
CVG,CLE,493
CVG,CLT,926
CVG,CMH,795
CVG,COS,104
CVG,CRW,391
CVG,DAB,6
CVG,DAY,746
CVG,DCA,2015
CVG,DEN,1384
CVG,DFW,3244
CVG,DSM,983
CVG,DTW,3023
CVG,EGE,30
CVG,EVV,135
CVG,EWR,3094
CVG,FLL,683
CVG,FSD,555
CVG,GRB,447
CVG,GRR,1386
CVG,GSO,1057
CVG,GSP,456
CVG,HPN,126
CVG,HSV,800
CVG,HTS,159
CVG,IAD,783
CVG,IAH,2048
CVG,ILM,140
CVG,IND,491
CVG,JAC,13
CVG,JAN,120
CVG,JAX,1125
CVG,JFK,1532
CVG,LAN,485
CVG,LAS,921
CVG,LAX,1143
CVG,LEX,1525
CVG,LGA,3645
CVG,LIT,49
CVG,MCI,1491
CVG,MCO,1305
CVG,MDT,1007
CVG,MEM,1226
CVG,MHT,776
CVG,MIA,1045
CVG,MKE,839
CVG,MSN,259
CVG,MSP,1745
CVG,MSY,195
CVG,MYR,13
CVG,OKC,769
CVG,OMA,1003
CVG,ORD,6014
CVG,ORF,450
CVG,PBI,389
CVG,PDX,318
CVG,PFN,36
CVG,PHL,1671
CVG,PHX,468
CVG,PIT,1292
CVG,PVD,958
CVG,PWM,555
CVG,RDU,1087
CVG,RIC,786
CVG,ROA,1
CVG,ROC,730
CVG,RSW,539
CVG,SAN,571
CVG,SAT,882
CVG,SAV,732
CVG,SBN,12
CVG,SCE,23
CVG,SDF,635
CVG,SEA,790
CVG,SFO,777
CVG,SGF,245
CVG,SLC,1627
CVG,SNA,285
CVG,SRQ,444
CVG,STL,345
CVG,SYR,831
CVG,TOL,20
CVG,TPA,1099
CVG,TRI,247
CVG,TUL,882
CVG,TVC,129
CVG,TYS,916
CVG,VPS,103
CVG,XNA,101
CWA,DTW,549
CWA,MKE,285
CWA,MLI,1
CWA,MSP,13
CWA,ORD,1715
DAB,ATL,2412
DAB,BWI,32
DAB,CLE,12
DAB,CLT,23
DAB,CVG,6
DAB,EWR,311
DAB,JAX,1
DAB,LGA,159
DAB,MCO,1
DAL,ABQ,3106
DAL,AMA,2665
DAL,AUS,5583
DAL,BHM,1051
DAL,ELP,2282
DAL,HOU,9790
DAL,HRL,33
DAL,IAH,3730
DAL,LBB,2680
DAL,LIT,2330
DAL,MAF,1997
DAL,MCI,3922
DAL,MSY,2096
DAL,OKC,1686
DAL,ORD,1005
DAL,SAT,4973
DAL,STL,2722
DAL,TUL,2277
DAY,ATL,4369
DAY,BWI,980
DAY,CLE,862
DAY,CVG,755
DAY,DEN,838
DAY,DFW,1037
DAY,DTW,1322
DAY,EWR,948
DAY,IAD,53
DAY,IAH,864
DAY,LAS,43
DAY,MCO,416
DAY,MKE,609
DAY,MSP,692
DAY,ORD,1799
DAY,TPA,204
DBQ,ORD,1349
DCA,ALB,304
DCA,ATL,7296
DCA,BDL,1183
DCA,BNA,1401
DCA,BOS,8929
DCA,BTR,129
DCA,BUF,632
DCA,CLE,935
DCA,CLT,3001
DCA,CMH,77
DCA,CVG,1841
DCA,DEN,1429
DCA,DFW,3965
DCA,DSM,272
DCA,DTW,2982
DCA,EWR,2289
DCA,FLL,1361
DCA,GRR,307
DCA,HSV,561
DCA,IAH,2919
DCA,IND,968
DCA,JAN,304
DCA,JAX,888
DCA,JFK,3017
DCA,LAS,365
DCA,LAX,366
DCA,LEX,311
DCA,LGA,11102
DCA,MCO,1845
DCA,MEM,1043
DCA,MHT,306
DCA,MIA,2987
DCA,MKE,122
DCA,MSN,287
DCA,MSP,2199
DCA,MSY,408
DCA,ORD,7427
DCA,PBI,909
DCA,PHL,5
DCA,PHX,1081
DCA,PIT,322
DCA,PLN,1
DCA,PVD,671
DCA,RDU,2732
DCA,RSW,706
DCA,SEA,727
DCA,SLC,365
DCA,SRQ,12
DCA,STL,1296
DCA,SYR,313
DCA,TPA,1554
DCA,XNA,210
DEN,ABQ,4309
DEN,AMA,731
DEN,ANC,451
DEN,ASE,3979
DEN,ATL,5903
DEN,AUS,2719
DEN,BDL,213
DEN,BFL,533
DEN,BHM,651
DEN,BIL,1631
DEN,BIS,1240
DEN,BNA,2556
DEN,BOI,2069
DEN,BOS,2234
DEN,BTR,1
DEN,BUR,1238
DEN,BWI,2655
DEN,BZN,1286
DEN,CAK,780
DEN,CID,572
DEN,CLE,969
DEN,CLT,1925
DEN,CMH,685
DEN,COD,481
DEN,COS,4188
DEN,CPR,1533
DEN,CRW,1
DEN,CVG,1384
DEN,CYS,1
DEN,DAY,850
DEN,DCA,1428
DEN,DFW,8268
DEN,DRO,2473
DEN,DSM,1404
DEN,DTW,2913
DEN,EGE,1673
DEN,ELP,1060
DEN,EUG,726
DEN,EWR,2189
DEN,FAR,1246
DEN,FAT,1266
DEN,FCA,668
DEN,FLL,908
DEN,FSD,1474
DEN,GCC,695
DEN,GEG,1440
DEN,GJT,2469
DEN,GRB,2
DEN,GRR,343
DEN,GTF,868
DEN,GUC,832
DEN,HDN,1310
DEN,HLN,414
DEN,HNL,367
DEN,HOU,1056
DEN,HSV,654
DEN,IAD,2943
DEN,IAH,4788
DEN,ICT,1583
DEN,IDA,979
DEN,IND,2083
DEN,JAC,1340
DEN,JAX,118
DEN,JFK,1084
DEN,KOA,45
DEN,LAS,8147
DEN,LAX,8811
DEN,LGA,3051
DEN,LIH,45
DEN,LIT,121
DEN,LNK,1200
DEN,MBS,1
DEN,MCI,5111
DEN,MCO,3015
DEN,MDW,4338
DEN,MEM,1730
DEN,MFR,365
DEN,MIA,810
DEN,MKE,1587
DEN,MLI,723
DEN,MRY,363
DEN,MSN,1003
DEN,MSO,1108
DEN,MSP,5011
DEN,MSY,1174
DEN,MTJ,1592
DEN,OAK,3100
DEN,OGG,163
DEN,OKC,2636
DEN,OMA,3169
DEN,ONT,1544
DEN,ORD,6051
DEN,PBI,94
DEN,PDX,4563
DEN,PHL,2975
DEN,PHX,8391
DEN,PIA,363
DEN,PIH,1
DEN,PIT,804
DEN,PSC,939
DEN,PSP,997
DEN,RAP,2308
DEN,RDM,12
DEN,RDU,470
DEN,RFD,289
DEN,RKS,545
DEN,RNO,1350
DEN,ROC,1
DEN,RSW,221
DEN,SAN,5358
DEN,SAT,2651
DEN,SBA,841
DEN,SDF,384
DEN,SEA,6414
DEN,SFO,5604
DEN,SGF,953
DEN,SJC,3684
DEN,SLC,8905
DEN,SMF,3331
DEN,SNA,3340
DEN,STL,2126
DEN,TPA,1682
DEN,TUL,1628
DEN,TUS,2089
DEN,TVC,88
DEN,TYS,510
DEN,XNA,686
DFW,ABI,2660
DFW,ABQ,2888
DFW,ACT,1994
DFW,AEX,1003
DFW,AMA,2551
DFW,ANC,153
DFW,ATL,9849
DFW,AUS,5508
DFW,BDL,1065
DFW,BHM,1287
DFW,BMI,60
DFW,BNA,2861
DFW,BOS,3036
DFW,BTR,2919
DFW,BUF,93
DFW,BUR,1375
DFW,BWI,2309
DFW,CAE,1157
DFW,CHA,426
DFW,CHS,1154
DFW,CID,1897
DFW,CLE,1665
DFW,CLL,1104
DFW,CLT,3797
DFW,CMH,1694
DFW,CMI,366
DFW,COS,2034
DFW,CRP,2509
DFW,CVG,3244
DFW,DAY,1038
DFW,DCA,3965
DFW,DEN,8193
DFW,DSM,2134
DFW,DTW,2792
DFW,EGE,457
DFW,ELP,2900
DFW,EVV,365
DFW,EWR,3728
DFW,FAT,730
DFW,FLL,2296
DFW,FNT,245
DFW,FSM,1825
DFW,FWA,713
DFW,GGG,971
DFW,GJT,600
DFW,GPT,1155
DFW,GRK,2562
DFW,GRR,793
DFW,GSO,1037
DFW,GSP,1435
DFW,GUC,109
DFW,HDN,126
DFW,HNL,732
DFW,HOU,2425
DFW,HSV,1714
DFW,IAD,2010
DFW,IAH,5526
DFW,ICT,1792
DFW,IND,2086
DFW,JAC,213
DFW,JAN,2604
DFW,JAX,1366
DFW,JFK,833
DFW,LAS,4956
DFW,LAW,1822
DFW,LAX,6571
DFW,LBB,3012
DFW,LEX,908
DFW,LFT,1181
DFW,LGA,5365
DFW,LIT,3245
DFW,LRD,1400
DFW,MAF,1777
DFW,MCI,2878
DFW,MCO,4114
DFW,MDT,272
DFW,MEM,2501
DFW,MFE,1439
DFW,MIA,3350
DFW,MKE,745
DFW,MLI,588
DFW,MLU,964
DFW,MOB,1398
DFW,MSN,946
DFW,MSP,2810
DFW,MSY,2501
DFW,MTJ,231
DFW,OAK,724
DFW,OGG,366
DFW,OKC,2846
DFW,OMA,1747
DFW,ONT,1741
DFW,ORD,8165
DFW,ORF,1035
DFW,PBI,853
DFW,PDX,1578
DFW,PHL,3483
DFW,PHX,5388
DFW,PIA,635
DFW,PIT,2140
DFW,PNS,2020
DFW,PSP,1095
DFW,RDU,2347
DFW,RIC,1041
DFW,RNO,1093
DFW,ROC,176
DFW,ROW,961
DFW,RSW,918
DFW,SAN,3526
DFW,SAT,5414
DFW,SAV,795
DFW,SBA,365
DFW,SDF,1386
DFW,SEA,3915
DFW,SFO,3486
DFW,SGF,3231
DFW,SHV,3579
DFW,SJC,2250
DFW,SJT,1315
DFW,SJU,985
DFW,SLC,3143
DFW,SMF,1346
DFW,SNA,3669
DFW,SPS,1831
DFW,STL,3598
DFW,SYR,178
DFW,TPA,2803
DFW,TUL,3256
DFW,TUS,2677
DFW,TXK,1247
DFW,TYR,1585
DFW,TYS,1505
DFW,VPS,1962
DFW,XNA,2780
DHN,ATL,1397
DLG,ANC,116
DLH,DTW,721
DLH,MSP,1292
DRO,ABQ,1
DRO,DEN,2475
DRO,PHX,812
DRO,SLC,386
DSM,ATL,1115
DSM,CLE,139
DSM,CVG,982
DSM,CWA,1
DSM,DCA,272
DSM,DEN,1704
DSM,DFW,2137
DSM,DTW,956
DSM,GJT,2
DSM,IAH,688
DSM,LAX,175
DSM,LGA,707
DSM,LNK,1
DSM,MEM,751
DSM,MKE,722
DSM,MSP,1012
DSM,ORD,4525
DSM,ORF,1
DSM,PHX,749
DSM,RFD,1
DSM,SLC,3
DTW,ABE,997
DTW,ALB,1013
DTW,ANC,96
DTW,ATL,5612
DTW,ATW,1021
DTW,AVL,768
DTW,AVP,722
DTW,AZO,1176
DTW,BDL,1565
DTW,BGM,728
DTW,BGR,801
DTW,BHM,887
DTW,BNA,2712
DTW,BOS,2377
DTW,BTV,826
DTW,BUF,1508
DTW,BWI,3101
DTW,BZN,19
DTW,CAE,713
DTW,CAK,1044
DTW,CHA,73
DTW,CHS,761
DTW,CID,948
DTW,CLE,1182
DTW,CLT,2703
DTW,CMH,1894
DTW,CRW,208
DTW,CVG,3099
DTW,CWA,549
DTW,DAY,1322
DTW,DCA,2986
DTW,DEN,2919
DTW,DFW,2799
DTW,DLH,722
DTW,DSM,977
DTW,ELM,1336
DTW,ERI,1398
DTW,EVV,1342
DTW,EWR,4374
DTW,FLL,1321
DTW,FNT,1519
DTW,FWA,1202
DTW,GRB,1245
DTW,GRR,2527
DTW,GSO,1245
DTW,GSP,1239
DTW,HPN,666
DTW,HSV,698
DTW,IAD,1708
DTW,IAH,2740
DTW,ICT,242
DTW,IND,2605
DTW,ITH,133
DTW,JAN,682
DTW,JAX,507
DTW,JFK,1754
DTW,LAN,1642
DTW,LAS,2038
DTW,LAX,1608
DTW,LEX,1658
DTW,LGA,4594
DTW,LIT,362
DTW,LNK,320
DTW,MBS,1468
DTW,MCI,1438
DTW,MCO,3481
DTW,MDT,543
DTW,MDW,3179
DTW,MEM,2562
DTW,MHT,844
DTW,MIA,1227
DTW,MKE,1742
DTW,MLI,745
DTW,MSN,1603
DTW,MSP,4947
DTW,MSY,68
DTW,MYR,287
DTW,OKC,622
DTW,OMA,1324
DTW,ORD,7553
DTW,ORF,968
DTW,PBI,472
DTW,PDX,250
DTW,PHL,2791
DTW,PHX,2928
DTW,PIA,701
DTW,PIT,1558
DTW,PLN,263
DTW,PVD,1105
DTW,PWM,66
DTW,RDU,1368
DTW,RIC,700
DTW,ROA,748
DTW,ROC,864
DTW,RST,105
DTW,RSW,1144
DTW,SAN,583
DTW,SAT,597
DTW,SAV,508
DTW,SBN,1638
DTW,SCE,500
DTW,SDF,1082
DTW,SEA,1172
DTW,SFO,1235
DTW,SGF,363
DTW,SHV,360
DTW,SJU,155
DTW,SLC,572
DTW,SRQ,219
DTW,STL,2516
DTW,STT,16
DTW,SWF,724
DTW,SYR,1015
DTW,TPA,1452
DTW,TUL,726
DTW,TVC,1209
DTW,TYS,1788
DTW,XNA,362
EGE,ATL,109
EGE,CLT,13
EGE,CVG,30
EGE,DEN,1674
EGE,DFW,457
EGE,EWR,207
EGE,IAH,124
EGE,JFK,13
EGE,LAX,111
EGE,LGA,16
EGE,MIA,43
EGE,MSP,112
EGE,ORD,197
EKO,SLC,1577
EKO,TWF,3
ELM,DTW,1336
ELP,ABQ,792
ELP,ATL,575
ELP,AUS,1344
ELP,DAL,2290
ELP,DEN,1060
ELP,DFW,2901
ELP,HOU,1033
ELP,IAH,1136
ELP,LAS,1056
ELP,LAX,1075
ELP,LBB,362
ELP,ONT,381
ELP,ORD,670
ELP,PHX,4136
ELP,SAN,366
ELP,SAT,1344
ELP,SLC,121
ELP,TUS,89
ERI,DTW,1398
ERI,PIT,1
EUG,DEN,726
EUG,FAT,1
EUG,LAS,162
EUG,LAX,305
EUG,MFR,1
EUG,PDX,1551
EUG,PHX,372
EUG,RDM,1
EUG,SFO,1919
EUG,SLC,711
EVV,ATL,1151
EVV,CVG,136
EVV,DFW,366
EVV,DTW,1342
EVV,MEM,904
EVV,ORD,1944
EVV,STL,1
EWN,ATL,791
EWR,ABQ,166
EWR,ACK,234
EWR,ALB,619
EWR,ATL,8060
EWR,AUS,939
EWR,AVL,658
EWR,BDL,793
EWR,BGR,536
EWR,BHM,681
EWR,BNA,1812
EWR,BOS,3870
EWR,BQN,366
EWR,BTV,879
EWR,BUF,1481
EWR,BWI,508
EWR,CAE,684
EWR,CHS,1285
EWR,CLE,2103
EWR,CLT,5945
EWR,CMH,1653
EWR,CVG,3095
EWR,DAB,311
EWR,DAY,946
EWR,DCA,2269
EWR,DEN,2209
EWR,DFW,3729
EWR,DTW,4419
EWR,EGE,207
EWR,FLL,4432
EWR,GRB,1
EWR,GRR,593
EWR,GSO,1092
EWR,GSP,1036
EWR,HDN,15
EWR,HNL,362
EWR,IAD,1789
EWR,IAH,3989
EWR,IND,1722
EWR,JAN,121
EWR,JAX,1596
EWR,LAS,2350
EWR,LAX,3239
EWR,LEX,389
EWR,LGA,1
EWR,LIT,323
EWR,MCI,1798
EWR,MCO,4978
EWR,MDW,279
EWR,MEM,1192
EWR,MHT,1331
EWR,MIA,2873
EWR,MKE,2523
EWR,MSN,313
EWR,MSP,3103
EWR,MSY,1139
EWR,MTJ,21
EWR,MYR,234
EWR,OKC,360
EWR,OMA,1079
EWR,ORD,7505
EWR,ORF,379
EWR,PBI,2769
EWR,PDX,687
EWR,PHL,19
EWR,PHX,2601
EWR,PIT,677
EWR,PSE,16
EWR,PVD,1101
EWR,PWM,740
EWR,RDU,2391
EWR,RIC,1576
EWR,ROC,925
EWR,RSW,1873
EWR,SAN,1179
EWR,SAT,949
EWR,SAV,1127
EWR,SDF,1052
EWR,SEA,2030
EWR,SFO,2777
EWR,SJC,200
EWR,SJU,1580
EWR,SLC,812
EWR,SNA,908
EWR,SRQ,399
EWR,STL,1707
EWR,STT,232
EWR,SYR,993
EWR,TPA,2838
EWR,TUL,343
EWR,TUS,186
EWR,TYS,660
EWR,XNA,545
EYW,ATL,974
EYW,MCO,35
FAI,ANC,2853
FAI,BRW,364
FAI,MSP,205
FAI,SCC,364
FAI,SEA,956
FAI,SLC,80
FAR,DEN,1263
FAR,LAN,1
FAR,MCI,1
FAR,MSP,1743
FAR,ORD,1327
FAR,SLC,95
FAR,STL,1
FAT,DEN,1265
FAT,DFW,730
FAT,LAS,2092
FAT,LAX,4022
FAT,LGB,435
FAT,MRY,2
FAT,OGD,1
FAT,ONT,239
FAT,PHX,1625
FAT,SAN,581
FAT,SBA,2
FAT,SFO,2438
FAT,SLC,845
FAT,TWF,1
FAY,ATL,2172
FAY,CLT,95
FCA,ATL,25
FCA,DEN,668
FCA,IDA,2
FCA,MSP,210
FCA,ORD,104
FCA,SFO,12
FCA,SLC,1741
FLG,PHX,1871
FLL,ALB,60
FLL,ATL,7666
FLL,AUS,481
FLL,BDL,545
FLL,BNA,740
FLL,BOS,2473
FLL,BUF,672
FLL,BWI,2704
FLL,CAK,8
FLL,CLE,618
FLL,CLT,2947
FLL,CVG,687
FLL,DCA,1339
FLL,DEN,903
FLL,DFW,2298
FLL,DTW,1320
FLL,EWR,4431
FLL,GPT,366
FLL,HOU,722
FLL,HPN,1022
FLL,IAD,1176
FLL,IAH,1933
FLL,IND,578
FLL,ISP,1092
FLL,JAX,1812
FLL,JFK,4699
FLL,LAS,677
FLL,LAX,372
FLL,LGA,3149
FLL,LGB,332
FLL,MCI,60
FLL,MCO,2095
FLL,MDW,1622
FLL,MEM,480
FLL,MHT,245
FLL,MIA,1
FLL,MKE,43
FLL,MSP,475
FLL,MSY,593
FLL,OAK,13
FLL,ORD,1581
FLL,PHF,309
FLL,PHL,2977
FLL,PHX,622
FLL,PIT,872
FLL,PNS,145
FLL,PSE,44
FLL,PVD,424
FLL,RDU,695
FLL,RIC,366
FLL,ROC,114
FLL,SJU,765
FLL,SLC,242
FLL,STL,470
FLL,SWF,476
FLL,SYR,328
FLL,TLH,262
FLL,TPA,3036
FLO,ATL,615
FNT,ATL,3133
FNT,DFW,246
FNT,DTW,1522
FNT,LAS,90
FNT,LGA,393
FNT,MCO,455
FNT,MKE,838
FNT,MKG,105
FNT,MSP,354
FNT,ORD,1264
FNT,RSW,149
FNT,TPA,200
FSD,ATL,135
FSD,CVG,555
FSD,DEN,1429
FSD,GRB,1
FSD,MSN,1
FSD,MSP,1927
FSD,ORD,1770
FSD,PIA,1
FSD,SDF,1
FSD,SLC,8
FSM,ATL,633
FSM,DFW,1826
FSM,MEM,478
FWA,ATL,1029
FWA,DFW,713
FWA,DTW,1202
FWA,MSP,241
FWA,ORD,2958
FWA,TVC,1
GCC,DEN,695
GCC,RKS,59
GCC,SLC,292
GEG,BLI,1
GEG,BOI,1016
GEG,DEN,1436
GEG,LAS,753
GEG,LAX,431
GEG,LGB,1
GEG,MSP,826
GEG,OAK,719
GEG,ONT,440
GEG,ORD,328
GEG,PDX,1314
GEG,PHX,777
GEG,RDM,1
GEG,RNO,213
GEG,SAN,454
GEG,SEA,4372
GEG,SLC,1951
GEG,SMF,375
GEG,TUS,152
GFK,MSP,1371
GGG,DFW,978
GJT,ASE,2
GJT,DEN,2463
GJT,DFW,599
GJT,HDN,1
GJT,LAX,4
GJT,ORD,6
GJT,PHX,1037
GJT,SLC,1040
GNV,ATL,2064
GPT,ATL,3441
GPT,DFW,1157
GPT,FLL,366
GPT,IAH,1908
GPT,MEM,1088
GPT,ORD,215
GPT,TPA,366
GRB,ATL,93
GRB,CVG,447
GRB,DEN,1
GRB,DSM,1
GRB,DTW,1224
GRB,GTF,1
GRB,MKE,774
GRB,MQT,323
GRB,MSP,1431
GRB,ORD,3634
GRB,SDF,1
GRK,ATL,643
GRK,DFW,2565
GRK,IAH,525
GRR,ATL,1351
GRR,CLE,1147
GRR,CVG,1387
GRR,DCA,307
GRR,DEN,346
GRR,DFW,795
GRR,DTW,2655
GRR,EWR,582
GRR,IAH,714
GRR,LGA,363
GRR,MCO,128
GRR,MEM,362
GRR,MKE,1244
GRR,MKG,23
GRR,MSP,1516
GRR,ORD,3696
GSO,ATL,2848
GSO,BOS,132
GSO,CLE,148
GSO,CLT,987
GSO,CVG,1097
GSO,DFW,1037
GSO,DTW,1245
GSO,EWR,1093
GSO,IAD,208
GSO,IAH,1035
GSO,JAX,1
GSO,LGA,905
GSO,MCO,19
GSO,MEM,1043
GSO,MIA,520
GSO,MSP,365
GSO,ORD,870
GSO,ORF,2
GSO,RDU,3
GSP,ATL,2450
GSP,CLE,510
GSP,CLT,1
GSP,CVG,456
GSP,DFW,1436
GSP,DTW,1238
GSP,EWR,1040
GSP,IAD,828
GSP,IAH,950
GSP,LGA,609
GSP,MCO,90
GSP,MEM,1089
GSP,ORD,1159
GST,JNU,85
GTF,BZN,1
GTF,DEN,869
GTF,MSP,196
GTF,ORD,23
GTF,SLC,1051
GTR,ATL,964
GUC,ATL,2
GUC,DEN,831
GUC,DFW,111
GUC,ORD,2
GUC,SLC,13
HDN,ATL,107
HDN,DEN,1314
HDN,DFW,127
HDN,EWR,15
HDN,IAH,112
HDN,JFK,13
HDN,LGA,15
HDN,MSP,112
HDN,ORD,205
HDN,SLC,378
HHH,ATL,836
HLN,DEN,412
HLN,MSP,365
HLN,SLC,1209
HNL,ANC,236
HNL,ATL,637
HNL,DEN,366
HNL,DFW,732
HNL,EWR,362
HNL,IAH,702
HNL,ITO,7685
HNL,KOA,8745
HNL,LAS,732
HNL,LAX,4963
HNL,LIH,10769
HNL,MSP,366
HNL,OAK,121
HNL,OGG,12014
HNL,ORD,641
HNL,PDX,732
HNL,PHX,914
HNL,SAN,393
HNL,SEA,1643
HNL,SFO,2359
HNL,SJC,366
HNL,SLC,366
HNL,SMF,366
HNL,SNA,66
HOU,ABQ,1023
HOU,ATL,3595
HOU,AUS,2310
HOU,BHM,736
HOU,BNA,1500
HOU,BTR,1
HOU,BWI,1262
HOU,CRP,1932
HOU,DAL,9766
HOU,DEN,1063
HOU,DFW,2425
HOU,ELP,1032
HOU,FLL,723
HOU,HRL,2967
HOU,JAN,1341
HOU,JAX,366
HOU,JFK,944
HOU,LAS,1460
HOU,LAX,1416
HOU,LIT,365
HOU,MAF,676
HOU,MCO,1753
HOU,MDW,2054
HOU,MSY,3726
HOU,OAK,713
HOU,OKC,1366
HOU,PHL,659
HOU,PHX,1722
HOU,SAN,421
HOU,SAT,2572
HOU,STL,1348
HOU,TPA,1396
HOU,TUL,1300
HPN,ATL,2158
HPN,CVG,126
HPN,DTW,666
HPN,EWR,1
HPN,FLL,1021
HPN,JFK,2
HPN,MCO,1485
HPN,ORD,3626
HPN,PBI,1048
HPN,PIA,1
HPN,PIT,1
HPN,RSW,520
HPN,TPA,60
HRL,AUS,366
HRL,DAL,33
HRL,HOU,2949
HRL,IAH,398
HRL,SAT,675
HSV,ATL,2622
HSV,BHM,4
HSV,CLT,13
HSV,CVG,787
HSV,DCA,577
HSV,DEN,653
HSV,DFW,1717
HSV,DTW,702
HSV,IAD,726
HSV,IAH,1043
HSV,LGA,72
HSV,MCO,248
HSV,MEM,1079
HSV,ORD,547
HSV,TUS,1
HTS,CVG,158
IAD,ABQ,365
IAD,ATL,5362
IAD,AUS,631
IAD,BDL,1192
IAD,BHM,245
IAD,BNA,233
IAD,BOS,3846
IAD,BTV,129
IAD,BUF,16
IAD,BUR,163
IAD,CAE,1709
IAD,CHS,710
IAD,CLE,1435
IAD,CLT,2762
IAD,CVG,783
IAD,DAY,52
IAD,DCA,1
IAD,DEN,2984
IAD,DFW,2009
IAD,DTW,1684
IAD,EWR,1790
IAD,FLL,1174
IAD,GSO,207
IAD,GSP,682
IAD,HSV,725
IAD,IAH,1389
IAD,JAX,751
IAD,JFK,2297
IAD,LAS,1623
IAD,LAX,4092
IAD,LGA,1105
IAD,LGB,756
IAD,MCI,313
IAD,MCO,4244
IAD,MDT,984
IAD,MDW,2075
IAD,MHT,585
IAD,MIA,575
IAD,MSP,712
IAD,MSY,413
IAD,MYR,533
IAD,OAK,841
IAD,OKC,319
IAD,ORD,2948
IAD,ORF,956
IAD,PBI,14
IAD,PDX,367
IAD,PHL,607
IAD,PHX,731
IAD,PIT,740
IAD,PVD,511
IAD,PWM,380
IAD,RDU,1679
IAD,ROA,682
IAD,ROC,492
IAD,RSW,14
IAD,SAN,1331
IAD,SAT,111
IAD,SAV,1008
IAD,SEA,1098
IAD,SFO,3139
IAD,SJC,245
IAD,SJU,707
IAD,SLC,524
IAD,SMF,365
IAD,SPI,141
IAD,STT,137
IAD,SYR,653
IAD,TPA,1746
IAD,TUS,112
IAD,TYS,97
IAH,ABQ,2261
IAH,AEX,342
IAH,AGS,1
IAH,AMA,807
IAH,ANC,206
IAH,ATL,4989
IAH,AUS,3704
IAH,AVL,458
IAH,BDL,120
IAH,BHM,2333
IAH,BNA,2547
IAH,BOS,1822
IAH,BPT,275
IAH,BRO,1465
IAH,BTR,2009
IAH,BWI,1728
IAH,CAE,165
IAH,CHA,458
IAH,CHS,73
IAH,CLE,2147
IAH,CLL,261
IAH,CLT,3709
IAH,CMH,839
IAH,COS,1725
IAH,CRP,823
IAH,CRW,674
IAH,CVG,2045
IAH,DAL,3730
IAH,DAY,859
IAH,DCA,2941
IAH,DEN,4584
IAH,DFW,5539
IAH,DSM,688
IAH,DTW,2742
IAH,EGE,124
IAH,ELP,1136
IAH,EWR,3970
IAH,FLL,1933
IAH,GPT,1908
IAH,GRK,525
IAH,GRR,714
IAH,GSO,1036
IAH,GSP,954
IAH,HDN,112
IAH,HNL,702
IAH,HOU,2
IAH,HRL,398
IAH,HSV,1043
IAH,IAD,1422
IAH,ICT,1594
IAH,IND,1763
IAH,JAN,1720
IAH,JAX,1529
IAH,JFK,969
IAH,LAS,2682
IAH,LAX,3867
IAH,LBB,769
IAH,LCH,999
IAH,LEX,646
IAH,LFT,2703
IAH,LGA,3399
IAH,LIT,1111
IAH,LRD,716
IAH,MAF,1187
IAH,MCI,2516
IAH,MCO,2494
IAH,MEM,3046
IAH,MFE,2665
IAH,MGM,246
IAH,MIA,2735
IAH,MKE,1673
IAH,MLU,580
IAH,MOB,1420
IAH,MSP,2466
IAH,MSY,4248
IAH,MTJ,261
IAH,OAK,722
IAH,OKC,2625
IAH,OMA,2098
IAH,ONT,1093
IAH,ORD,5651
IAH,ORF,970
IAH,PBI,1389
IAH,PDX,1271
IAH,PHL,1732
IAH,PHX,4176
IAH,PIT,1713
IAH,PNS,635
IAH,PSP,216
IAH,RDU,1987
IAH,RIC,970
IAH,RNO,428
IAH,RSW,1064
IAH,SAN,2392
IAH,SAT,3760
IAH,SAV,948
IAH,SDF,396
IAH,SEA,2393
IAH,SFO,2655
IAH,SHV,1017
IAH,SJC,995
IAH,SJU,732
IAH,SLC,2696
IAH,SMF,1085
IAH,SNA,1873
IAH,SRQ,70
IAH,STL,736
IAH,TLH,481
IAH,TPA,1963
IAH,TUL,2310
IAH,TUS,1670
IAH,TYS,1353
IAH,VPS,420
IAH,XNA,1435
ICT,ATL,3146
ICT,CID,1
ICT,COS,1
ICT,DEN,1578
ICT,DFW,1794
ICT,DTW,241
ICT,IAH,1594
ICT,LAX,184
ICT,MCI,1
ICT,MEM,1092
ICT,MSP,714
ICT,MSY,1
ICT,OKC,2
ICT,ORD,3005
ICT,PHX,692
ICT,PIA,1
ICT,SGF,1
ICT,SLC,1
ICT,STL,1
IDA,DEN,980
IDA,MSP,336
IDA,SLC,1787
ILM,ATL,1991
ILM,CLT,1259
ILM,CVG,146
ILM,RDU,1
IND,ATL,3515
IND,AUS,218
IND,BDL,587
IND,BOS,950
IND,BWI,1003
IND,CLE,635
IND,CLT,1587
IND,CVG,507
IND,DCA,968
IND,DEN,2089
IND,DFW,2087
IND,DTW,2558
IND,EWR,1717
IND,FLL,578
IND,IAH,1275
IND,JAX,366
IND,JFK,117
IND,LAS,1675
IND,LAX,548
IND,LGA,1331
IND,MCI,1069
IND,MCO,2298
IND,MDW,1333
IND,MEM,1066
IND,MIA,213
IND,MKE,738
IND,MSP,1700
IND,MSY,10
IND,ORD,4102
IND,PHL,495
IND,PHX,1457
IND,PIT,1
IND,RDU,673
IND,RSW,1057
IND,SAT,236
IND,SEA,75
IND,SFO,173
IND,SRQ,155
IND,TPA,1587
IND,XNA,1
INL,MSP,72
IPL,LAX,646
IPL,YUM,343
ISP,ATL,215
ISP,BWI,2438
ISP,FLL,1087
ISP,LAS,366
ISP,MCO,2105
ISP,MDW,1427
ISP,PBI,1090
ISP,RSW,375
ISP,TPA,1080
ITH,DTW,132
ITO,HNL,7386
ITO,KOA,299
ITO,OGG,366
IYK,BFL,1
IYK,LAX,956
IYK,PSP,1
JAC,ATL,118
JAC,CVG,13
JAC,DEN,1443
JAC,DFW,214
JAC,IDA,1
JAC,LAX,15
JAC,MSP,117
JAC,ORD,360
JAC,SLC,1485
JAN,ATL,2704
JAN,BWI,666
JAN,CVG,121
JAN,DCA,293
JAN,DFW,2605
JAN,DTW,689
JAN,EWR,121
JAN,HOU,1345
JAN,IAH,1721
JAN,MCO,381
JAN,MDW,677
JAN,MEM,1075
JAN,ORD,211
JAX,ATL,5656
JAX,AUS,229
JAX,BHM,366
JAX,BNA,1373
JAX,BOS,652
JAX,BWI,1066
JAX,CLE,144
JAX,CLT,2520
JAX,CVG,1110
JAX,DCA,896
JAX,DEN,118
JAX,DFW,1366
JAX,DTW,508
JAX,EWR,1581
JAX,FLL,1809
JAX,HOU,366
JAX,IAD,743
JAX,IAH,1541
JAX,IND,366
JAX,JFK,1068
JAX,LAS,236
JAX,LAX,3
JAX,LGA,1294
JAX,MCI,226
JAX,MEM,871
JAX,MIA,218
JAX,MSP,200
JAX,MSY,470
JAX,ORD,1704
JAX,ORF,712
JAX,PHL,1657
JAX,PIR,2
JAX,RDU,596
JAX,TPA,1017
JAX,TYS,1
JFK,ACK,234
JFK,ALB,364
JFK,ATL,2279
JFK,AUS,1356
JFK,BDL,631
JFK,BGR,338
JFK,BNA,463
JFK,BOS,7513
JFK,BQN,661
JFK,BTV,2207
JFK,BUF,3674
JFK,BUR,1366
JFK,BWI,1123
JFK,CHS,1
JFK,CLE,1392
JFK,CLT,1833
JFK,CMH,571
JFK,CVG,1346
JFK,DCA,2941
JFK,DEN,1082
JFK,DFW,834
JFK,DTW,1848
JFK,EGE,14
JFK,FLL,4696
JFK,HDN,13
JFK,HOU,943
JFK,HPN,1
JFK,IAD,2299
JFK,IAH,972
JFK,IND,125
JFK,JAX,1067
JFK,LAS,4471
JFK,LAX,8078
JFK,LGA,2
JFK,LGB,1541
JFK,MCO,5373
JFK,MIA,2737
JFK,MSP,1441
JFK,MSY,1070
JFK,OAK,1177
JFK,ONT,247
JFK,ORD,3672
JFK,ORF,277
JFK,PBI,2534
JFK,PDX,680
JFK,PHL,587
JFK,PHX,2254
JFK,PIT,2244
JFK,PSE,346
JFK,PVD,603
JFK,PWM,1824
JFK,RDU,4149
JFK,RIC,1694
JFK,ROC,2425
JFK,RSW,1893
JFK,SAN,1630
JFK,SEA,1855
JFK,SFO,6591
JFK,SJC,480
JFK,SJU,3565
JFK,SLC,1795
JFK,SMF,341
JFK,SRQ,534
JFK,STL,795
JFK,STT,366
JFK,SYR,1824
JFK,TPA,3390
JFK,TUS,132
JNU,ANC,1163
JNU,GST,85
JNU,KTN,364
JNU,PSG,363
JNU,SEA,1209
JNU,SIT,863
JNU,YAK,363
KOA,DEN,45
KOA,HNL,9038
KOA,LAX,1040
KOA,LIH,55
KOA,OAK,4
KOA,OGG,793
KOA,ORD,221
KOA,PHX,330
KOA,SAN,23
KOA,SEA,411
KOA,SFO,713
KOA,SNA,37
KTN,JNU,362
KTN,SEA,1289
KTN,SIT,365
KTN,WRG,364
LAN,CVG,486
LAN,DTW,1641
LAN,MSP,157
LAN,ORD,1409
LAS,ABQ,2408
LAS,ALB,366
LAS,AMA,367
LAS,ANC,238
LAS,ATL,4761
LAS,AUS,1232
LAS,BDL,366
LAS,BFL,102
LAS,BHM,366
LAS,BMI,51
LAS,BNA,1201
LAS,BOI,755
LAS,BOS,1383
LAS,BUF,588
LAS,BUR,5154
LAS,BWI,1628
LAS,CAK,43
LAS,CLE,1667
LAS,CLT,1730
LAS,CMH,1351
LAS,COS,98
LAS,CVG,920
LAS,DAY,42
LAS,DCA,366
LAS,DEN,8165
LAS,DFW,4959
LAS,DTW,2036
LAS,ELP,1042
LAS,EUG,162
LAS,EWR,2341
LAS,FAT,2101
LAS,FLL,677
LAS,FNT,91
LAS,GEG,753
LAS,HNL,732
LAS,HOU,1461
LAS,IAD,1625
LAS,IAH,2678
LAS,IND,1674
LAS,ISP,366
LAS,JAX,236
LAS,JFK,4481
LAS,LAX,11729
LAS,LBB,366
LAS,LGB,854
LAS,LIT,382
LAS,MAF,366
LAS,MCI,1913
LAS,MCO,1076
LAS,MDW,3836
LAS,MEM,373
LAS,MFR,139
LAS,MHT,365
LAS,MIA,787
LAS,MKE,530
LAS,MLI,50
LAS,MRY,14
LAS,MSP,2464
LAS,MSY,726
LAS,OAK,4693
LAS,OKC,471
LAS,OMA,1088
LAS,ONT,3501
LAS,ORD,5235
LAS,ORF,365
LAS,PBI,62
LAS,PDX,3568
LAS,PHL,2829
LAS,PHX,10626
LAS,PIT,1411
LAS,PSP,1280
LAS,PVD,365
LAS,RDU,724
LAS,RNO,4492
LAS,ROC,83
LAS,SAN,5895
LAS,SAT,1573
LAS,SBA,305
LAS,SBP,128
LAS,SDF,366
LAS,SEA,5065
LAS,SFO,6994
LAS,SJC,4148
LAS,SLC,5378
LAS,SMF,4054
LAS,SNA,4115
LAS,STL,1647
LAS,TPA,1175
LAS,TUL,390
LAS,TUS,2018
LAS,YUM,99
LAW,ATL,543
LAW,DFW,1826
LAX,ABQ,2415
LAX,ANC,239
LAX,ASE,324
LAX,ATL,5402
LAX,AUS,1732
LAX,BDL,132
LAX,BFL,902
LAX,BNA,1418
LAX,BOI,985
LAX,BOS,2441
LAX,BWI,897
LAX,BZN,13
LAX,CLD,2258
LAX,CLE,1053
LAX,CLT,1460
LAX,CMH,49
LAX,COS,994
LAX,CVG,1144
LAX,DCA,366
LAX,DEN,8894
LAX,DFW,6571
LAX,DSM,177
LAX,DTW,1972
LAX,EGE,107
LAX,ELP,1076
LAX,EUG,305
LAX,EWR,3249
LAX,FAT,4045
LAX,FLL,373
LAX,GEG,428
LAX,GJT,8
LAX,HNL,4964
LAX,HOU,1426
LAX,IAD,3836
LAX,IAH,3849
LAX,ICT,186
LAX,IND,548
LAX,IPL,660
LAX,IYK,954
LAX,JAC,15
LAX,JAX,2
LAX,JFK,8058
LAX,KOA,1038
LAX,LAS,11773
LAX,LIH,1067
LAX,MCI,1338
LAX,MCO,1725
LAX,MDW,2388
LAX,MEM,729
LAX,MFR,1
LAX,MIA,2495
LAX,MKE,355
LAX,MOD,659
LAX,MRY,2763
LAX,MSP,2392
LAX,MSY,930
LAX,MTJ,18
LAX,OAK,7583
LAX,OGG,2054
LAX,OKC,501
LAX,ONT,24
LAX,ORD,7333
LAX,OXR,1291
LAX,PDX,3503
LAX,PHL,2246
LAX,PHX,9897
LAX,PIT,373
LAX,PSP,2596
LAX,RDU,8
LAX,RNO,1898
LAX,RSW,1
LAX,SAN,11257
LAX,SAT,1781
LAX,SBA,4554
LAX,SBP,2684
LAX,SEA,6876
LAX,SFO,13390
LAX,SGU,722
LAX,SJC,8908
LAX,SJU,144
LAX,SLC,5178
LAX,SMF,5692
LAX,SMX,1679
LAX,SNA,32
LAX,STL,1686
LAX,TPA,516
LAX,TUL,73
LAX,TUS,4141
LAX,XNA,359
LAX,YUM,1030
LBB,ABQ,366
LBB,AUS,690
LBB,DAL,2679
LBB,DFW,3015
LBB,ELP,364
LBB,IAH,769
LBB,LAS,366
LCH,IAH,1000
LEX,ATL,2217
LEX,CLE,14
LEX,COS,1
LEX,CVG,1539
LEX,DAY,1
LEX,DCA,304
LEX,DFW,907
LEX,DTW,1656
LEX,EWR,390
LEX,IAH,646
LEX,LGA,411
LEX,MCO,39
LEX,MEM,252
LEX,ORD,1967
LFT,ATL,995
LFT,DFW,1182
LFT,IAH,2702
LGA,AGS,7
LGA,ATL,10507
LGA,BHM,591
LGA,BNA,1217
LGA,BOS,12035
LGA,CAE,609
LGA,CAK,793
LGA,CHS,1414
LGA,CID,156
LGA,CLE,2920
LGA,CLT,4958
LGA,CMH,2350
LGA,CVG,3635
LGA,DAB,159
LGA,DCA,11063
LGA,DEN,2970
LGA,DFW,5372
LGA,DSM,705
LGA,DTW,4601
LGA,EGE,16
LGA,FLL,3152
LGA,FNT,392
LGA,GRR,363
LGA,GSO,927
LGA,GSP,609
LGA,HDN,15
LGA,HSV,69
LGA,IAD,1103
LGA,IAH,3418
LGA,IND,1331
LGA,JAX,1285
LGA,LEX,415
LGA,MCO,3158
LGA,MEM,1605
LGA,MIA,3586
LGA,MKE,592
LGA,MLB,2
LGA,MSN,620
LGA,MSP,2719
LGA,MSY,512
LGA,MYR,123
LGA,ORD,10862
LGA,PBI,1934
LGA,PHF,770
LGA,PHL,1
LGA,PIT,1297
LGA,RDU,4423
LGA,RIC,1336
LGA,RSW,238
LGA,SAV,995
LGA,SDF,571
LGA,SLC,24
LGA,SRQ,74
LGA,STL,1604
LGA,STT,9
LGA,TPA,1464
LGA,TVC,50
LGA,TYS,642
LGA,VPS,2
LGA,XNA,765
LGB,AUS,245
LGB,BOS,789
LGB,FAT,431
LGB,FLL,332
LGB,GEG,1
LGB,IAD,756
LGB,JFK,1544
LGB,LAS,853
LGB,MRY,436
LGB,OAK,1631
LGB,ONT,1
LGB,ORD,600
LGB,PDX,142
LGB,PHX,1623
LGB,RNO,459
LGB,SEA,1499
LGB,SFO,210
LGB,SJC,661
LGB,SLC,2500
LGB,SMF,729
LGB,TWF,1
LIH,DEN,45
LIH,HNL,10407
LIH,KOA,54
LIH,LAX,1069
LIH,OGG,426
LIH,PHX,280
LIH,SAN,31
LIH,SEA,366
LIH,SFO,483
LIH,SNA,23
LIT,ATL,2526
LIT,BWI,366
LIT,CLT,39
LIT,CVG,49
LIT,DAL,2327
LIT,DEN,118
LIT,DFW,3245
LIT,DTW,361
LIT,EWR,331
LIT,HOU,365
LIT,IAH,1103
LIT,LAS,382
LIT,MCO,1
LIT,MDW,383
LIT,MEM,887
LIT,MSP,157
LIT,ORD,1806
LIT,PHX,235
LIT,SAT,1
LIT,SLC,18
LIT,STL,669
LMT,MFR,1
LMT,PDX,162
LMT,SFO,348
LNK,ABE,1
LNK,CRW,1
LNK,DEN,1204
LNK,DTW,320
LNK,LAN,1
LNK,MSP,106
LNK,ORD,1403
LNK,PIA,1
LRD,DFW,1401
LRD,IAH,714
LSE,MSP,434
LSE,ORD,1571
LWB,ATL,185
LWS,BOI,1
LWS,IDA,1
LWS,SLC,650
LYH,ATL,625
MAF,ABQ,366
MAF,AUS,471
MAF,DAL,1995
MAF,DFW,1778
MAF,HOU,676
MAF,IAH,1187
MAF,LAS,366
MBS,DTW,1460
MBS,MSP,117
MBS,ORD,1341
MCI,ABQ,670
MCI,ATL,4140
MCI,AUS,459
MCI,BNA,1317
MCI,BWI,1025
MCI,CLE,1219
MCI,CLT,1182
MCI,CMH,164
MCI,COS,178
MCI,CVG,1491
MCI,DAL,3943
MCI,DEN,5256
MCI,DFW,2877
MCI,DTW,1252
MCI,EWR,1799
MCI,FLL,60
MCI,IAD,227
MCI,IAH,2527
MCI,ICT,1
MCI,IND,1074
MCI,JAX,229
MCI,LAS,1926
MCI,LAX,1331
MCI,LNK,1
MCI,MCO,1349
MCI,MDW,3850
MCI,MEM,1005
MCI,MGM,1
MCI,MIA,65
MCI,MKE,3
MCI,MSN,250
MCI,MSP,2136
MCI,MSY,462
MCI,OAK,686
MCI,OKC,1128
MCI,OMA,3
MCI,ONT,301
MCI,ORD,3837
MCI,PDX,366
MCI,PHX,2165
MCI,PIT,266
MCI,RDU,652
MCI,RSW,5
MCI,SAN,689
MCI,SAT,577
MCI,SEA,365
MCI,SLC,1054
MCI,SMF,306
MCI,STL,1763
MCI,TPA,695
MCI,TUL,810
MCI,TUS,233
MCN,ATL,652
MCO,ABQ,726
MCO,ALB,1040
MCO,ATL,9611
MCO,AUS,632
MCO,AVL,47
MCO,BDL,1758
MCO,BHM,1214
MCO,BMI,173
MCO,BNA,1782
MCO,BOS,3478
MCO,BQN,492
MCO,BTV,346
MCO,BUF,1877
MCO,BWI,4926
MCO,CAK,371
MCO,CLE,1909
MCO,CLT,3276
MCO,CMH,1165
MCO,CVG,1304
MCO,DAY,416
MCO,DCA,1845
MCO,DEN,2997
MCO,DFW,4114
MCO,DTW,3477
MCO,EWR,4977
MCO,EYW,35
MCO,FLL,2074
MCO,FNT,455
MCO,GRR,128
MCO,GSO,11
MCO,GSP,90
MCO,HOU,1758
MCO,HPN,1484
MCO,HSV,248
MCO,IAD,4094
MCO,IAH,2499
MCO,IND,2306
MCO,ISP,2110
MCO,JAN,381
MCO,JAX,2
MCO,JFK,5371
MCO,LAS,1077
MCO,LAX,1725
MCO,LEX,39
MCO,LGA,3156
MCO,LIT,1
MCO,MCI,1349
MCO,MDT,42
MCO,MDW,3565
MCO,MEM,1434
MCO,MHT,1606
MCO,MIA,2195
MCO,MKE,831
MCO,MLI,172
MCO,MSP,1929
MCO,MSY,1568
MCO,OKC,9
MCO,OMA,9
MCO,ORD,3978
MCO,ORF,755
MCO,PBI,1
MCO,PDX,237
MCO,PFN,195
MCO,PHF,362
MCO,PHL,7034
MCO,PHX,1038
MCO,PIT,2465
MCO,PNS,365
MCO,PSE,347
MCO,PVD,2149
MCO,PWM,460
MCO,RDU,1655
MCO,RIC,517
MCO,ROC,701
MCO,RSW,1414
MCO,SAN,13
MCO,SAT,744
MCO,SDF,533
MCO,SEA,731
MCO,SFO,366
MCO,SJU,2420
MCO,SLC,685
MCO,STL,2422
MCO,SWF,834
MCO,SYR,390
MCO,TLH,219
MCO,TPA,1
MCO,TUL,9
MCO,TYS,126
MDT,ATL,1789
MDT,AVP,1
MDT,BWI,1
MDT,CLE,58
MDT,CLT,1144
MDT,CVG,1008
MDT,DCA,1
MDT,DFW,274
MDT,DTW,542
MDT,IAD,937
MDT,LGA,2
MDT,MCO,42
MDT,MSP,197
MDT,ORD,1598
MDW,ABQ,730
MDW,ALB,729
MDW,ATL,3257
MDW,AUS,713
MDW,BDL,1052
MDW,BHM,726
MDW,BNA,3016
MDW,BOS,345
MDW,BUF,1278
MDW,BWI,2776
MDW,CLE,2556
MDW,CLT,13
MDW,CMH,2644
MDW,DEN,4325
MDW,DTW,3070
MDW,EWR,278
MDW,FLL,1621
MDW,HOU,2052
MDW,IAD,2065
MDW,IND,1314
MDW,ISP,1422
MDW,JAN,682
MDW,LAS,3832
MDW,LAX,2390
MDW,LIT,383
MDW,MCI,3885
MDW,MCO,3568
MDW,MHT,1649
MDW,MIA,133
MDW,MSP,1476
MDW,MSY,391
MDW,OAK,1719
MDW,OMA,2047
MDW,ORF,731
MDW,PDX,891
MDW,PHL,2664
MDW,PHX,2800
MDW,PIT,2037
MDW,PVD,1380
MDW,RDU,1353
MDW,RNO,365
MDW,RSW,1095
MDW,SAN,1708
MDW,SAT,700
MDW,SDF,1690
MDW,SEA,1331
MDW,SFO,1083
MDW,SJC,658
MDW,SLC,1003
MDW,SMF,686
MDW,SRQ,565
MDW,STL,3784
MDW,TPA,2231
MDW,TUS,727
MEI,ATL,674
MEM,ATL,4870
MEM,AUS,835
MEM,BDL,49
MEM,BHM,891
MEM,BNA,1024
MEM,BOS,199
MEM,BTR,998
MEM,BWI,783
MEM,CAE,706
MEM,CHA,629
MEM,CHS,709
MEM,CLE,1205
MEM,CLT,2576
MEM,CMH,1072
MEM,COS,117
MEM,CVG,1225
MEM,DCA,1043
MEM,DEN,1731
MEM,DFW,2458
MEM,DSM,813
MEM,DTW,2205
MEM,EVV,904
MEM,EWR,1170
MEM,FLL,479
MEM,FSM,479
MEM,GPT,1088
MEM,GRR,362
MEM,GSO,1043
MEM,GSP,1088
MEM,HSV,1083
MEM,IAH,3079
MEM,ICT,1093
MEM,IND,1058
MEM,JAN,1082
MEM,JAX,871
MEM,LAS,372
MEM,LAX,1095
MEM,LEX,252
MEM,LGA,1608
MEM,LIT,886
MEM,MCI,981
MEM,MCO,1432
MEM,MGM,1091
MEM,MIA,785
MEM,MKE,744
MEM,MLI,668
MEM,MOB,1094
MEM,MSN,359
MEM,MSP,2845
MEM,MSY,1004
MEM,OKC,940
MEM,OMA,749
MEM,ORD,3769
MEM,ORF,241
MEM,PFN,1095
MEM,PHL,1039
MEM,PHX,817
MEM,PIT,1002
MEM,PNS,1097
MEM,RDU,1062
MEM,RIC,292
MEM,RSW,58
MEM,SAN,109
MEM,SAT,831
MEM,SAV,765
MEM,SDF,786
MEM,SEA,349
MEM,SFO,208
MEM,SGF,1080
MEM,SHV,1094
MEM,SJU,26
MEM,STL,1049
MEM,TLH,1094
MEM,TPA,861
MEM,TRI,44
MEM,TUL,1094
MEM,TYS,1096
MEM,VPS,1045
MEM,XNA,1041
MFE,ATL,10
MFE,DFW,1441
MFE,IAH,2665
MFR,DEN,365
MFR,LAS,139
MFR,MOD,1
MFR,OTH,1
MFR,PDX,1543
MFR,PHX,304
MFR,RDD,1
MFR,RDM,1
MFR,SBA,1
MFR,SFO,2571
MFR,SLC,724
MFR,TWF,1
MGM,ATL,2514
MGM,IAH,246
MGM,MEM,1091
MHT,ATL,696
MHT,BOS,4
MHT,BWI,3628
MHT,CLE,1212
MHT,CLT,723
MHT,CVG,777
MHT,DCA,288
MHT,DTW,846
MHT,EWR,1353
MHT,FLL,246
MHT,IAD,584
MHT,LAS,366
MHT,MCO,1605
MHT,MDW,1643
MHT,ORD,1145
MHT,PHL,2365
MHT,PHX,365
MHT,TPA,742
MIA,ATL,6623
MIA,BDL,366
MIA,BNA,731
MIA,BOS,2193
MIA,BWI,929
MIA,CLE,399
MIA,CLT,2970
MIA,CMH,470
MIA,CVG,1045
MIA,DCA,2982
MIA,DEN,809
MIA,DFW,3346
MIA,DTW,1228
MIA,EGE,43
MIA,EWR,2873
MIA,FLL,1
MIA,GSO,519
MIA,IAD,574
MIA,IAH,2734
MIA,IND,211
MIA,JAX,217
MIA,JFK,2743
MIA,LAS,787
MIA,LAX,2494
MIA,LGA,3587
MIA,MCI,65
MIA,MCO,2195
MIA,MDW,133
MIA,MEM,785
MIA,MSP,907
MIA,MSY,1098
MIA,ORD,3343
MIA,ORF,152
MIA,PHL,2203
MIA,PHX,366
MIA,PIT,174
MIA,RDU,1098
MIA,RIC,151
MIA,SDF,365
MIA,SEA,366
MIA,SFO,1097
MIA,SJU,2559
MIA,STL,732
MIA,STT,732
MIA,STX,349
MIA,TLH,832
MIA,TPA,1829
MIA,XNA,154
MKE,ABE,1
MKE,ATL,3606
MKE,ATW,1030
MKE,AVP,1
MKE,BDL,539
MKE,BHM,1
MKE,BNA,771
MKE,BOS,208
MKE,BWI,1293
MKE,CLE,2226
MKE,CLT,245
MKE,CMH,1054
MKE,CVG,840
MKE,CWA,285
MKE,DAY,608
MKE,DCA,122
MKE,DEN,1449
MKE,DFW,747
MKE,DSM,723
MKE,DTW,1905
MKE,EWR,2524
MKE,FAR,1
MKE,FLL,43
MKE,FNT,839
MKE,GRB,774
MKE,GRR,1244
MKE,IAH,1671
MKE,IND,738
MKE,LAS,531
MKE,LAX,355
MKE,LGA,590
MKE,MCI,2
MKE,MCO,830
MKE,MEM,734
MKE,MKG,264
MKE,MQT,357
MKE,MSN,1294
MKE,MSP,3464
MKE,OMA,703
MKE,ORD,3541
MKE,PHL,775
MKE,PHX,867
MKE,PIT,1082
MKE,RDU,490
MKE,RSW,226
MKE,SAN,106
MKE,SDF,258
MKE,SEA,122
MKE,SFO,115
MKE,SLC,6
MKE,STL,320
MKE,TPA,178
MKE,TUS,2
MKG,FNT,109
MKG,GRR,24
MKG,MKE,263
MLB,ATL,2000
MLB,LGA,2
MLI,ATL,2592
MLI,DEN,719
MLI,DFW,587
MLI,DTW,755
MLI,LAS,51
MLI,MCO,172
MLI,MEM,669
MLI,MSP,442
MLI,ORD,2580
MLU,ATL,983
MLU,DFW,966
MLU,IAH,581
MOB,ATL,2225
MOB,DFW,1399
MOB,IAH,1420
MOB,MEM,1094
MOB,ORD,210
MOD,BFL,1
MOD,LAX,679
MOD,ONT,1
MOD,RNO,1
MOD,SFO,1643
MOT,MSP,1085
MQT,GRB,322
MQT,MKE,356
MQT,ORD,313
MRY,DEN,365
MRY,LAS,14
MRY,LAX,2758
MRY,LGB,435
MRY,ONT,246
MRY,PHX,910
MRY,SAN,445
MRY,SFO,2428
MRY,SLC,6
MSN,ATL,384
MSN,ATW,1
MSN,CLE,317
MSN,CVG,259
MSN,DCA,287
MSN,DEN,943
MSN,DFW,947
MSN,DSM,1
MSN,DTW,1603
MSN,EWR,313
MSN,LGA,622
MSN,MCI,249
MSN,MEM,359
MSN,MKE,1293
MSN,MSP,1439
MSN,ORD,4943
MSN,RFD,1
MSO,DEN,1107
MSO,MSP,189
MSO,ORD,105
MSO,PIH,2
MSO,SFO,12
MSO,SLC,1841
MSP,ABQ,677
MSP,ALB,57
MSP,ALO,323
MSP,ANC,826
MSP,ATL,5369
MSP,ATW,89
MSP,AUS,54
MSP,AVL,364
MSP,AZO,246
MSP,BDL,933
MSP,BGR,11
MSP,BIL,820
MSP,BIS,1052
MSP,BJI,74
MSP,BNA,781
MSP,BOI,807
MSP,BOS,1563
MSP,BTV,75
MSP,BUF,229
MSP,BWI,1017
MSP,BZN,878
MSP,CHS,27
MSP,CID,412
MSP,CLE,1876
MSP,CLT,1814
MSP,CMH,1076
MSP,CMX,318
MSP,COS,449
MSP,CPR,31
MSP,CVG,1760
MSP,CWA,13
MSP,DAY,692
MSP,DCA,2194
MSP,DEN,5374
MSP,DFW,2851
MSP,DLH,1290
MSP,DSM,929
MSP,DTW,5459
MSP,EGE,112
MSP,EWR,3144
MSP,FAI,205
MSP,FAR,1744
MSP,FCA,209
MSP,FLL,475
MSP,FNT,355
MSP,FSD,1925
MSP,FWA,242
MSP,GEG,826
MSP,GFK,1371
MSP,GRB,1408
MSP,GRR,1645
MSP,GSO,365
MSP,GTF,195
MSP,HDN,112
MSP,HLN,365
MSP,HNL,366
MSP,IAD,710
MSP,IAH,2451
MSP,ICT,714
MSP,IDA,336
MSP,IND,1661
MSP,INL,72
MSP,JAC,117
MSP,JAX,201
MSP,JFK,1441
MSP,LAN,157
MSP,LAS,2461
MSP,LAX,2389
MSP,LGA,2723
MSP,LIT,157
MSP,LNK,106
MSP,LSE,433
MSP,MBS,109
MSP,MCI,1976
MSP,MCO,1931
MSP,MDT,197
MSP,MDW,1367
MSP,MEM,2551
MSP,MIA,908
MSP,MKE,3619
MSP,MLI,450
MSP,MOT,1085
MSP,MSN,1438
MSP,MSO,189
MSP,MYR,27
MSP,OKC,542
MSP,OMA,1177
MSP,ORD,9356
MSP,ORF,122
MSP,PDX,1501
MSP,PHL,1709
MSP,PHX,3515
MSP,PIR,3
MSP,PIT,1006
MSP,PSP,214
MSP,PVD,6
MSP,PWM,42
MSP,RAP,877
MSP,RDU,726
MSP,RHI,221
MSP,RIC,339
MSP,ROC,134
MSP,RST,881
MSP,RSW,647
MSP,SAN,1330
MSP,SAT,190
MSP,SAV,27
MSP,SBN,365
MSP,SDF,707
MSP,SEA,2475
MSP,SFO,1909
MSP,SGF,359
MSP,SJC,693
MSP,SJU,26
MSP,SLC,2197
MSP,SMF,809
MSP,SNA,1037
MSP,SPI,1
MSP,STL,1626
MSP,SUX,121
MSP,TPA,1005
MSP,TUL,717
MSP,TUS,439
MSP,TVC,346
MSP,TYS,365
MSP,XNA,677
MSY,ATL,4695
MSY,AUS,443
MSY,BHM,1012
MSY,BNA,1010
MSY,BOS,254
MSY,BWI,391
MSY,CLE,54
MSY,CLT,1504
MSY,CMH,1
MSY,CVG,193
MSY,DAL,2079
MSY,DCA,430
MSY,DEN,1176
MSY,DFW,2501
MSY,DTW,53
MSY,EWR,1129
MSY,FLL,594
MSY,HOU,3737
MSY,IAD,457
MSY,IAH,4257
MSY,IND,10
MSY,JAX,472
MSY,JFK,1070
MSY,LAS,727
MSY,LAX,928
MSY,LGA,511
MSY,MCI,461
MSY,MCO,1566
MSY,MDW,390
MSY,MEM,1003
MSY,MIA,1097
MSY,MSP,16
MSY,OKC,1
MSY,ORD,1458
MSY,PHL,1046
MSY,PHX,365
MSY,RDU,472
MSY,SAT,432
MSY,SLC,329
MSY,TPA,1097
MSY,TWF,1
MTJ,ATL,37
MTJ,DEN,1591
MTJ,DFW,232
MTJ,EWR,21
MTJ,IAH,261
MTJ,LAX,18
MTJ,ORD,30
MTJ,SLC,229
MYR,ATL,1854
MYR,BOS,45
MYR,CLT,2216
MYR,CVG,13
MYR,DTW,287
MYR,EWR,234
MYR,IAD,533
MYR,ILM,1
MYR,LGA,124
MYR,MSP,27
MYR,PHL,1
OAJ,ATL,1178
OAJ,CLT,6
OAK,ABQ,1004
OAK,ATL,88
OAK,AUS,236
OAK,BNA,363
OAK,BOI,667
OAK,BOS,518
OAK,BUR,5420
OAK,DEN,3101
OAK,DFW,725
OAK,FLL,13
OAK,GEG,726
OAK,HNL,121
OAK,HOU,711
OAK,IAD,841
OAK,IAH,721
OAK,JFK,1177
OAK,KOA,4
OAK,LAS,4642
OAK,LAX,7578
OAK,LGB,1632
OAK,MCI,684
OAK,MDW,1720
OAK,OGG,60
OAK,ONT,3701
OAK,ORD,59
OAK,PDX,2482
OAK,PHX,4213
OAK,RNO,1331
OAK,SAN,5851
OAK,SEA,5047
OAK,SLC,3146
OAK,SMF,1
OAK,SNA,3645
OAK,TUS,307
OGG,ANC,27
OGG,DEN,163
OGG,DFW,366
OGG,HNL,12383
OGG,ITO,366
OGG,KOA,1379
OGG,LAX,2058
OGG,LIH,60
OGG,OAK,60
OGG,PDX,366
OGG,PHX,586
OGG,SAN,280
OGG,SEA,533
OGG,SFO,932
OGG,SLC,261
OGG,SMF,60
OGG,SNA,60
OKC,ABQ,231
OKC,ATL,1884
OKC,AUS,87
OKC,BMI,1
OKC,BWI,366
OKC,CLE,21
OKC,CVG,769
OKC,DAL,1687
OKC,DEN,2848
OKC,DFW,2845
OKC,DTW,604
OKC,EWR,361
OKC,HOU,1353
OKC,IAD,5
OKC,IAH,2635
OKC,LAS,471
OKC,LAX,500
OKC,MCI,1144
OKC,MCO,9
OKC,MEM,883
OKC,MSP,617
OKC,ONT,231
OKC,ORD,2038
OKC,PHX,1513
OKC,SAN,302
OKC,SAT,89
OKC,SLC,743
OKC,SMF,226
OKC,STL,688
OKC,TUL,1
OMA,ABQ,1
OMA,ATL,1731
OMA,ATW,1
OMA,BHM,1
OMA,CLE,428
OMA,COS,1
OMA,CVG,1002
OMA,DEN,3231
OMA,DFW,1748
OMA,DSM,1
OMA,DTW,1324
OMA,EWR,1080
OMA,GRB,1
OMA,IAH,2099
OMA,LAS,1083
OMA,LNK,1
OMA,MCO,9
OMA,MDW,2045
OMA,MEM,763
OMA,MKE,701
OMA,MSP,1163
OMA,ONT,304
OMA,ORD,4045
OMA,PHX,2067
OMA,SAN,314
OMA,SLC,609
OMA,STL,1033
OMA,TUS,221
OME,ANC,729
OME,OTZ,361
ONT,ABQ,443
ONT,ATL,797
ONT,AUS,304
ONT,BNA,365
ONT,BOI,471
ONT,COS,458
ONT,DEN,1544
ONT,DFW,1742
ONT,ELP,382
ONT,FAT,238
ONT,GEG,440
ONT,GJT,1
ONT,IAH,1093
ONT,JFK,248
ONT,LAS,3494
ONT,LAX,24
ONT,MCI,302
ONT,MRY,246
ONT,OAK,3697
ONT,OKC,231
ONT,OMA,303
ONT,PDX,60
ONT,PHX,5628
ONT,RNO,273
ONT,SAN,2
ONT,SAT,439
ONT,SEA,1343
ONT,SFO,1599
ONT,SJC,2742
ONT,SLC,1658
ONT,SMF,3803
ONT,TUL,228
ONT,TUS,474
ORD,ABE,1426
ORD,ABQ,754
ORD,ALB,1632
ORD,ANC,561
ORD,ASE,310
ORD,ATL,7449
ORD,ATW,2288
ORD,AUS,2515
ORD,AVP,718
ORD,AZO,2350
ORD,BDL,3335
ORD,BHM,1511
ORD,BIL,105
ORD,BMI,2005
ORD,BNA,3905
ORD,BOI,786
ORD,BOS,7133
ORD,BTR,215
ORD,BTV,738
ORD,BUF,3437
ORD,BWI,3552
ORD,BZN,336
ORD,CAE,1373
ORD,CAK,1047
ORD,CHA,767
ORD,CHS,1337
ORD,CID,4154
ORD,CLE,4567
ORD,CLT,6013
ORD,CMH,4664
ORD,CMI,2404
ORD,COS,1525
ORD,CPR,134
ORD,CRW,708
ORD,CVG,5993
ORD,CWA,1715
ORD,DAL,1007
ORD,DAY,1786
ORD,DBQ,1347
ORD,DCA,7430
ORD,DEN,5773
ORD,DFW,8093
ORD,DSM,4823
ORD,DTW,7602
ORD,EGE,197
ORD,ELP,670
ORD,EVV,1944
ORD,EWR,7174
ORD,FAR,1344
ORD,FCA,104
ORD,FLL,1583
ORD,FNT,1265
ORD,FSD,1724
ORD,FWA,2956
ORD,GEG,327
ORD,GJT,13
ORD,GPT,214
ORD,GRB,3631
ORD,GRR,3699
ORD,GSO,870
ORD,GSP,1302
ORD,GTF,23
ORD,GUC,2
ORD,HDN,200
ORD,HNL,641
ORD,HPN,3624
ORD,HSV,547
ORD,IAD,2891
ORD,IAH,5463
ORD,ICT,3001
ORD,IND,4103
ORD,JAC,463
ORD,JAN,211
ORD,JAX,1697
ORD,JFK,3684
ORD,LAN,1409
ORD,LAS,5257
ORD,LAX,6974
ORD,LEX,1965
ORD,LGA,10770
ORD,LGB,604
ORD,LIT,1806
ORD,LNK,1407
ORD,LSE,1572
ORD,MBS,1339
ORD,MCI,3900
ORD,MCO,3798
ORD,MDT,1552
ORD,MEM,3782
ORD,MHT,1144
ORD,MIA,3343
ORD,MKE,3400
ORD,MLI,2579
ORD,MOB,210
ORD,MQT,313
ORD,MSN,4878
ORD,MSO,105
ORD,MSP,9688
ORD,MSY,1502
ORD,MTJ,30
ORD,OAK,59
ORD,OGG,221
ORD,OKC,1937
ORD,OMA,4097
ORD,ORF,1188
ORD,PBI,656
ORD,PDX,2394
ORD,PHL,6733
ORD,PHX,5124
ORD,PIA,3256
ORD,PIT,3611
ORD,PNS,292
ORD,PSP,451
ORD,PVD,1789
ORD,PWM,343
ORD,RAP,218
ORD,RDU,3140
ORD,RIC,1884
ORD,RNO,365
ORD,ROA,555
ORD,ROC,2550
ORD,RST,2366
ORD,RSW,764
ORD,SAN,3308
ORD,SAT,1713
ORD,SAV,1132
ORD,SBN,2266
ORD,SDF,3496
ORD,SEA,4802
ORD,SFO,5524
ORD,SGF,2306
ORD,SHV,211
ORD,SJC,1333
ORD,SJU,1036
ORD,SLC,2860
ORD,SMF,1077
ORD,SNA,2580
ORD,SPI,1085
ORD,STL,4558
ORD,STT,80
ORD,SYR,2314
ORD,TOL,1337
ORD,TPA,2443
ORD,TUL,2040
ORD,TUS,865
ORD,TVC,2435
ORD,TYS,2017
ORD,VPS,236
ORD,XNA,3116
ORF,ATL,2784
ORF,BDL,1
ORF,BNA,236
ORF,BOI,1
ORF,BOS,197
ORF,BWI,1675
ORF,CLE,2
ORF,CLT,1836
ORF,CVG,499
ORF,DFW,1035
ORF,DTW,968
ORF,EWR,380
ORF,IAD,1057
ORF,IAH,969
ORF,JAX,719
ORF,JFK,277
ORF,LAS,366
ORF,MCO,753
ORF,MDW,731
ORF,MEM,240
ORF,MIA,152
ORF,MSP,123
ORF,ORD,1089
ORF,PBI,1
ORF,SAV,1
ORF,TPA,366
OTH,PDX,162
OTH,SFO,353
OTZ,ANC,361
OTZ,OME,725
OXR,LAX,1291
OXR,PSP,1
PBI,ATL,4262
PBI,BDL,373
PBI,BOS,1746
PBI,BWI,1353
PBI,CLE,383
PBI,CLT,1871
PBI,CMH,5
PBI,CVG,390
PBI,DCA,909
PBI,DEN,95
PBI,DFW,854
PBI,DTW,472
PBI,EWR,2770
PBI,HPN,1046
PBI,IAD,14
PBI,IAH,1389
PBI,ISP,1082
PBI,JFK,2531
PBI,LAS,62
PBI,LGA,1934
PBI,ORD,654
PBI,PHL,1899
PBI,PIT,4
PBI,SWF,359
PBI,TPA,1365
PDX,ABQ,366
PDX,ANC,576
PDX,ATL,1102
PDX,BOI,1038
PDX,BOS,366
PDX,BUR,60
PDX,CLT,136
PDX,CVG,311
PDX,DEN,4654
PDX,DFW,1577
PDX,DTW,250
PDX,EUG,1551
PDX,EWR,692
PDX,GEG,1311
PDX,HNL,732
PDX,IAD,367
PDX,IAH,1265
PDX,JFK,680
PDX,LAS,3564
PDX,LAX,3517
PDX,LGB,141
PDX,LMT,162
PDX,MCI,366
PDX,MCO,236
PDX,MDW,894
PDX,MFR,1543
PDX,MSN,1
PDX,MSP,1502
PDX,OAK,2471
PDX,OGG,366
PDX,ONT,60
PDX,ORD,2184
PDX,OTH,162
PDX,PHL,379
PDX,PHX,3946
PDX,PSP,168
PDX,RDM,1621
PDX,RNO,1150
PDX,SAN,1352
PDX,SEA,2449
PDX,SFO,3088
PDX,SJC,2322
PDX,SLC,3277
PDX,SMF,2484
PDX,SNA,1421
PFN,ATL,2548
PFN,CVG,36
PFN,MCO,196
PFN,MEM,1095
PHF,ATL,4157
PHF,BOS,716
PHF,FLL,310
PHF,LGA,767
PHF,MCO,361
PHF,TPA,95
PHL,ALB,448
PHL,ATL,6918
PHL,ATW,1
PHL,AUS,290
PHL,AVP,1
PHL,BDL,521
PHL,BNA,981
PHL,BOS,6384
PHL,BUF,365
PHL,BWI,660
PHL,CLE,674
PHL,CLT,3545
PHL,CMH,994
PHL,CVG,1583
PHL,DCA,584
PHL,DEN,2961
PHL,DFW,3485
PHL,DTW,2760
PHL,EWR,19
PHL,FLL,2977
PHL,GRR,1
PHL,HOU,687
PHL,IAD,607
PHL,IAH,1732
PHL,ICT,1
PHL,IND,853
PHL,JAX,1665
PHL,JFK,675
PHL,LAS,2836
PHL,LAX,2240
PHL,LGA,4
PHL,MCO,7032
PHL,MDW,2652
PHL,MEM,1032
PHL,MHT,2357
PHL,MIA,2206
PHL,MKE,774
PHL,MSP,1749
PHL,MSY,1107
PHL,ORD,7078
PHL,ORF,292
PHL,PBI,1903
PHL,PDX,380
PHL,PHX,2885
PHL,PIT,3188
PHL,PVD,2550
PHL,RDU,3347
PHL,RIC,387
PHL,RSW,1223
PHL,SAN,817
PHL,SAT,290
PHL,SDF,2
PHL,SEA,708
PHL,SFO,2237
PHL,SJU,1474
PHL,SLC,670
PHL,SMF,207
PHL,STL,578
PHL,STT,198
PHL,SYR,334
PHL,TPA,3390
PHX,ABQ,5234
PHX,ANC,366
PHX,ASE,109
PHX,ATL,4607
PHX,AUS,2786
PHX,BDL,334
PHX,BFL,1194
PHX,BHM,367
PHX,BNA,1123
PHX,BOI,679
PHX,BOS,1067
PHX,BUF,365
PHX,BUR,4754
PHX,BWI,2103
PHX,CLD,43
PHX,CLE,1115
PHX,CLT,2183
PHX,CMH,1096
PHX,COS,1392
PHX,CVG,463
PHX,DCA,1080
PHX,DEN,8402
PHX,DFW,5387
PHX,DRO,811
PHX,DSM,749
PHX,DTW,2929
PHX,ELP,4155
PHX,EUG,371
PHX,EWR,2579
PHX,FAT,1618
PHX,FLG,1871
PHX,FLL,620
PHX,GEG,777
PHX,GJT,1037
PHX,HNL,914
PHX,HOU,1677
PHX,IAD,731
PHX,IAH,4197
PHX,ICT,692
PHX,IND,1458
PHX,JFK,2256
PHX,KOA,330
PHX,LAS,10337
PHX,LAX,9992
PHX,LGB,1624
PHX,LIH,280
PHX,LIT,235
PHX,MCI,2140
PHX,MCO,1039
PHX,MDW,2795
PHX,MEM,816
PHX,MFR,303
PHX,MHT,365
PHX,MIA,366
PHX,MKE,866
PHX,MRY,911
PHX,MSP,3508
PHX,MSY,365
PHX,OAK,4150
PHX,OGG,586
PHX,OKC,1516
PHX,OMA,2060
PHX,ONT,5627
PHX,ORD,5130
PHX,PDX,3948
PHX,PHL,2883
PHX,PIT,1086
PHX,PSP,1752
PHX,PVD,365
PHX,RDU,755
PHX,RNO,2776
PHX,SAN,7609
PHX,SAT,2783
PHX,SBA,1618
PHX,SBP,990
PHX,SDF,365
PHX,SEA,5072
PHX,SFO,4884
PHX,SJC,4050
PHX,SLC,7177
PHX,SMF,4134
PHX,SNA,5497
PHX,STL,2755
PHX,TEX,194
PHX,TPA,1022
PHX,TUL,1015
PHX,TUS,3684
PHX,YUM,1962
PIA,ATL,623
PIA,DEN,362
PIA,DFW,634
PIA,DTW,701
PIA,HPN,1
PIA,LNK,1
PIA,ORD,3259
PIH,SLC,1659
PIR,JAX,2
PIR,MSP,3
PIT,ATL,4557
PIT,BOS,616
PIT,BWI,1043
PIT,CLT,2376
PIT,CVG,1288
PIT,DCA,7
PIT,DEN,859
PIT,DFW,2140
PIT,DTW,1511
PIT,EWR,671
PIT,FLL,507
PIT,GRB,1
PIT,IAD,780
PIT,IAH,1719
PIT,JFK,2249
PIT,LAS,1411
PIT,LAX,373
PIT,LGA,936
PIT,MCI,266
PIT,MCO,2470
PIT,MDW,2070
PIT,MEM,1005
PIT,MIA,174
PIT,MKE,1083
PIT,MSP,1050
PIT,ORD,3521
PIT,PBI,4
PIT,PHL,4169
PIT,PHX,1086
PIT,RSW,181
PIT,SFO,369
PIT,SJU,1
PIT,SLC,218
PIT,TPA,1089
PLN,DCA,1
PLN,DTW,263
PMD,SFO,728
PNS,ATL,4430
PNS,CLT,372
PNS,DFW,2024
PNS,FLL,145
PNS,IAH,635
PNS,MCO,366
PNS,MEM,1097
PNS,ORD,293
PNS,TPA,135
PSC,DEN,940
PSC,SLC,1600
PSC,TWF,1
PSE,EWR,17
PSE,FLL,45
PSE,JFK,346
PSE,MCO,347
PSG,JNU,364
PSG,WRG,363
PSP,DEN,998
PSP,DFW,1096
PSP,FAT,1
PSP,GJT,1
PSP,IAH,216
PSP,LAS,1281
PSP,LAX,2597
PSP,MSP,214
PSP,ONT,1
PSP,ORD,452
PSP,PDX,169
PSP,PHX,1752
PSP,SEA,664
PSP,SFO,1638
PSP,SLC,898
PSP,TWF,1
PUB,COS,2
PVD,ATL,1390
PVD,BDL,1
PVD,BNA,366
PVD,BOS,3
PVD,BWI,3981
PVD,CLE,360
PVD,CLT,1439
PVD,CVG,958
PVD,DCA,672
PVD,DTW,1105
PVD,EWR,1102
PVD,FLL,425
PVD,IAD,511
PVD,JFK,604
PVD,LAS,364
PVD,MCO,2148
PVD,MDW,1373
PVD,MSP,6
PVD,ORD,1792
PVD,PHL,2563
PVD,PHX,365
PVD,TPA,981
PWM,ATL,904
PWM,BOS,2
PWM,BWI,995
PWM,CLE,306
PWM,CLT,277
PWM,CVG,563
PWM,DTW,67
PWM,EWR,741
PWM,IAD,407
PWM,JFK,1818
PWM,MCO,459
PWM,MSP,42
PWM,ORD,316
RAP,DEN,2309
RAP,MSP,877
RAP,ORD,217
RAP,SLC,757
RAP,TWF,1
RDD,SBA,1
RDD,SFO,1680
RDD,SMF,1
RDM,DEN,12
RDM,IDA,1
RDM,PDX,1619
RDM,SFO,1083
RDM,SLC,719
RDU,ATL,5418
RDU,AUS,231
RDU,BDL,1149
RDU,BHM,160
RDU,BNA,1617
RDU,BOS,3870
RDU,BWI,2078
RDU,CLE,307
RDU,CLT,2339
RDU,CMH,500
RDU,CVG,1317
RDU,DCA,2772
RDU,DEN,470
RDU,DFW,2347
RDU,DTW,1368
RDU,EWR,2394
RDU,FLL,696
RDU,GRB,1
RDU,IAD,1722
RDU,IAH,1995
RDU,IND,673
RDU,JAX,595
RDU,JFK,3989
RDU,LAS,715
RDU,LAX,8
RDU,LGA,4135
RDU,MCI,652
RDU,MCO,1738
RDU,MDW,1360
RDU,MEM,1062
RDU,MIA,1098
RDU,MKE,490
RDU,MSP,726
RDU,MSY,474
RDU,ORD,3094
RDU,PHL,3363
RDU,PHX,755
RDU,SAT,229
RDU,SDF,426
RDU,SLC,327
RDU,STL,358
RDU,TPA,1057
RDU,XNA,104
RFD,DEN,290
RHI,MSP,221
RIC,ATL,4536
RIC,BOS,688
RIC,CLE,905
RIC,CLT,1800
RIC,CVG,779
RIC,DCA,2
RIC,DFW,1041
RIC,DTW,700
RIC,EWR,1576
RIC,FLL,366
RIC,IAH,971
RIC,JAX,1
RIC,JFK,1703
RIC,LGA,1337
RIC,MCO,515
RIC,MEM,292
RIC,MIA,152
RIC,MSP,340
RIC,ORD,1884
RIC,ORF,1
RIC,PHL,387
RIC,RDU,1
RKS,DEN,545
RKS,GCC,58
RKS,SLC,351
RNO,ATL,169
RNO,BOI,1025
RNO,BUR,1
RNO,DEN,1353
RNO,DFW,1095
RNO,GEG,214
RNO,IAH,428
RNO,LAS,4508
RNO,LAX,1905
RNO,LGB,464
RNO,MDW,365
RNO,OAK,1322
RNO,ONT,273
RNO,ORD,365
RNO,PDX,1144
RNO,PHX,2779
RNO,PIH,1
RNO,SAN,730
RNO,SEA,799
RNO,SFO,1886
RNO,SJC,1364
RNO,SLC,1814
RNO,SNA,60
RNO,TUS,222
ROA,ATL,1731
ROA,BWI,1
ROA,CLT,1
ROA,CVG,2
ROA,DTW,748
ROA,IAD,601
ROA,MSN,1
ROA,ORD,635
ROC,ATL,2488
ROC,BOS,1
ROC,BWI,865
ROC,CLE,921
ROC,CLT,412
ROC,CVG,724
ROC,DFW,177
ROC,DTW,864
ROC,EWR,933
ROC,FLL,114
ROC,IAD,560
ROC,JFK,2435
ROC,LAS,84
ROC,MCO,700
ROC,MSP,136
ROC,ORD,2484
ROC,TPA,366
ROW,DFW,961
RST,DTW,171
RST,MSP,817
RST,ORD,2365
RSW,ATL,4196
RSW,BDL,134
RSW,BOS,1716
RSW,BUF,376
RSW,BWI,1335
RSW,CAK,138
RSW,CLE,594
RSW,CLT,1765
RSW,CMH,137
RSW,CVG,539
RSW,DCA,708
RSW,DEN,222
RSW,DFW,919
RSW,DTW,1144
RSW,EWR,1874
RSW,FNT,149
RSW,HPN,520
RSW,IAD,14
RSW,IAH,1066
RSW,IND,1057
RSW,ISP,374
RSW,JFK,1890
RSW,LGA,237
RSW,MCI,5
RSW,MCO,1414
RSW,MDW,1096
RSW,MEM,58
RSW,MIA,2
RSW,MKE,225
RSW,MSP,647
RSW,ORD,763
RSW,PBI,1
RSW,PHL,1223
RSW,PIT,181
RSW,STL,417
SAN,ABQ,1054
SAN,ATL,2855
SAN,AUS,715
SAN,BFL,224
SAN,BNA,727
SAN,BOI,475
SAN,BOS,610
SAN,BWI,729
SAN,CLE,87
SAN,CLT,704
SAN,COS,476
SAN,CVG,573
SAN,DEN,5263
SAN,DFW,3528
SAN,DTW,580
SAN,ELP,366
SAN,EWR,1180
SAN,FAT,582
SAN,GEG,452
SAN,HNL,393
SAN,HOU,422
SAN,IAD,1331
SAN,IAH,2388
SAN,JFK,1630
SAN,KOA,23
SAN,LAS,5902
SAN,LAX,11224
SAN,LIH,31
SAN,MCI,686
SAN,MCO,13
SAN,MDW,1708
SAN,MEM,109
SAN,MKE,106
SAN,MRY,446
SAN,MSP,1333
SAN,OAK,5831
SAN,OGG,279
SAN,OKC,305
SAN,OMA,317
SAN,ONT,3
SAN,ORD,2948
SAN,PDX,1352
SAN,PHL,817
SAN,PHX,7581
SAN,RNO,729
SAN,SAT,643
SAN,SEA,2831
SAN,SFO,6769
SAN,SJC,5286
SAN,SLC,2549
SAN,SMF,4603
SAN,STL,366
SAN,TUL,228
SAN,TUS,1413
SAT,ABQ,426
SAT,AMA,1
SAT,ATL,3241
SAT,AUS,2
SAT,BNA,676
SAT,BWI,730
SAT,CLE,233
SAT,CLT,658
SAT,CVG,882
SAT,DAL,4999
SAT,DEN,2510
SAT,DFW,5413
SAT,DTW,642
SAT,ELP,1332
SAT,EWR,954
SAT,HOU,2582
SAT,HRL,656
SAT,IAD,149
SAT,IAH,3755
SAT,IND,236
SAT,LAS,1575
SAT,LAX,1783
SAT,MCI,578
SAT,MCO,744
SAT,MDW,710
SAT,MEM,788
SAT,MGM,1
SAT,MSP,191
SAT,MSY,430
SAT,OKC,87
SAT,ONT,441
SAT,ORD,1815
SAT,PHL,290
SAT,PHX,2767
SAT,RDU,228
SAT,SAN,646
SAT,SFO,366
SAT,SLC,587
SAT,SMF,226
SAT,STL,246
SAT,TPA,365
SAT,TUL,89
SAT,TUS,240
SAV,ATL,3888
SAV,BOS,89
SAV,CHS,1
SAV,CLE,321
SAV,CLT,1433
SAV,CVG,731
SAV,DFW,795
SAV,DTW,509
SAV,EWR,1127
SAV,IAD,1007
SAV,IAH,949
SAV,JAX,3
SAV,LGA,996
SAV,MEM,764
SAV,MSP,27
SAV,ORD,1134
SBA,DEN,840
SBA,DFW,366
SBA,LAS,305
SBA,LAX,4498
SBA,MRY,1
SBA,PHX,1617
SBA,SBP,1
SBA,SFO,3047
SBA,SJC,1208
SBA,SLC,685
SBN,ATL,1039
SBN,CVG,12
SBN,DTW,1638
SBN,MSP,365
SBN,ORD,2265
SBP,FAT,1
SBP,LAS,128
SBP,LAX,2682
SBP,MFR,1
SBP,MRY,2
SBP,PHX,990
SBP,SFO,1758
SBP,SLC,284
SCC,ANC,363
SCC,BRW,364
SCE,ATL,122
SCE,CVG,23
SCE,DTW,500
SDF,ATL,2756
SDF,BHM,674
SDF,BOS,81
SDF,BWI,1483
SDF,CLE,728
SDF,CLT,795
SDF,CVG,639
SDF,DEN,384
SDF,DFW,1386
SDF,DTW,1011
SDF,EWR,1037
SDF,IAH,361
SDF,LAS,365
SDF,LGA,572
SDF,MCO,533
SDF,MDW,1685
SDF,MEM,787
SDF,MIA,366
SDF,MKE,257
SDF,MSP,780
SDF,ORD,3497
SDF,PHL,2
SDF,PHX,365
SDF,RDU,426
SDF,SLC,3
SDF,SPI,1
SDF,STL,995
SDF,TPA,489
SEA,ABQ,708
SEA,ANC,6256
SEA,ATL,2571
SEA,AUS,147
SEA,BNA,364
SEA,BOI,1070
SEA,BOS,980
SEA,BUR,1390
SEA,BWI,242
SEA,CLE,229
SEA,CLT,480
SEA,CVG,791
SEA,DCA,727
SEA,DEN,6623
SEA,DFW,3917
SEA,DTW,1172
SEA,EWR,2026
SEA,FAI,956
SEA,GEG,4346
SEA,HNL,1638
SEA,IAD,1097
SEA,IAH,2395
SEA,IND,75
SEA,JFK,1852
SEA,JNU,1334
SEA,KOA,45
SEA,KTN,1289
SEA,LAS,5051
SEA,LAX,6865
SEA,LGB,1500
SEA,LIH,366
SEA,MCI,365
SEA,MCO,731
SEA,MDW,1361
SEA,MEM,350
SEA,MIA,366
SEA,MKE,121
SEA,MSP,2474
SEA,OAK,5095
SEA,OGG,900
SEA,ONT,1343
SEA,ORD,4608
SEA,PDX,2449
SEA,PHL,707
SEA,PHX,5062
SEA,PSP,667
SEA,RNO,802
SEA,SAN,2833
SEA,SFO,5409
SEA,SIT,104
SEA,SJC,3534
SEA,SLC,3774
SEA,SMF,3642
SEA,SNA,2860
SEA,STL,567
SEA,TUS,443
SFO,ABQ,529
SFO,ACV,2337
SFO,ANC,182
SFO,ASE,59
SFO,ATL,3098
SFO,AUS,609
SFO,BFL,941
SFO,BOI,1766
SFO,BOS,2594
SFO,BUR,1962
SFO,BWI,366
SFO,BZN,28
SFO,CEC,705
SFO,CIC,1392
SFO,CLE,466
SFO,CLT,1429
SFO,COS,364
SFO,CVG,782
SFO,DEN,5374
SFO,DFW,3487
SFO,DTW,1160
SFO,EUG,1923
SFO,EWR,3137
SFO,FAT,2410
SFO,FCA,12
SFO,GJT,2
SFO,HNL,2359
SFO,IAD,2732
SFO,IAH,2660
SFO,IDA,1
SFO,IND,173
SFO,JFK,6971
SFO,KOA,713
SFO,LAS,7007
SFO,LAX,13788
SFO,LGB,209
SFO,LIH,483
SFO,LMT,348
SFO,MCO,366
SFO,MDW,1092
SFO,MEM,208
SFO,MFR,2570
SFO,MIA,1098
SFO,MKE,115
SFO,MOD,1665
SFO,MRY,2410
SFO,MSO,12
SFO,MSP,1984
SFO,OGG,932
SFO,ONT,1600
SFO,ORD,5746
SFO,OTH,354
SFO,PDX,2972
SFO,PHL,2554
SFO,PHX,4870
SFO,PIT,369
SFO,PMD,728
SFO,PSP,1636
SFO,RDD,1683
SFO,RDM,1082
SFO,RNO,1885
SFO,SAN,6312
SFO,SAT,366
SFO,SBA,2991
SFO,SBP,1751
SFO,SEA,5414
SFO,SJC,1
SFO,SLC,4064
SFO,SMF,2301
SFO,SMX,2
SFO,SNA,3955
SFO,STL,574
SFO,TUS,365
SFO,TWF,2
SGF,ATL,1170
SGF,BNA,2
SGF,CVG,247
SGF,DEN,777
SGF,DFW,3228
SGF,DTW,363
SGF,FSD,1
SGF,MEM,1079
SGF,MSP,360
SGF,ORD,2492
SGF,STL,368
SGU,CDC,1
SGU,LAX,721
SGU,PIH,1
SGU,PSP,1
SGU,SLC,2594
SGU,TWF,1
SHV,ATL,1817
SHV,DFW,3579
SHV,DTW,360
SHV,IAH,1018
SHV,MEM,1094
SHV,ORD,211
SIT,JNU,740
SIT,KTN,365
SIT,SEA,227
SJC,ATL,634
SJC,AUS,968
SJC,BFL,1
SJC,BOS,256
SJC,BUR,3380
SJC,DEN,3670
SJC,DFW,2264
SJC,EWR,200
SJC,FAT,1
SJC,HNL,366
SJC,IAD,245
SJC,IAH,994
SJC,JFK,481
SJC,LAS,4176
SJC,LAX,8939
SJC,LGB,660
SJC,MDW,659
SJC,MSP,695
SJC,ONT,2719
SJC,ORD,1348
SJC,PDX,2322
SJC,PHX,4027
SJC,RNO,1371
SJC,SAN,5254
SJC,SBA,1206
SJC,SEA,3543
SJC,SFO,1
SJC,SLC,1372
SJC,SMX,1
SJC,SNA,5383
SJT,DFW,1316
SJU,ATL,1872
SJU,BDL,366
SJU,BOS,1273
SJU,BWI,318
SJU,CLE,43
SJU,CLT,795
SJU,DFW,986
SJU,DTW,172
SJU,EWR,1582
SJU,FLL,764
SJU,IAD,844
SJU,IAH,730
SJU,JFK,3558
SJU,LAX,144
SJU,MCO,2415
SJU,MEM,26
SJU,MIA,2560
SJU,MSP,26
SJU,ORD,1115
SJU,PHL,1475
SJU,PIT,1
SJU,STT,245
SJU,TPA,366
SLC,ABQ,2293
SLC,ACV,389
SLC,ANC,478
SLC,ASE,443
SLC,ATL,2866
SLC,AUS,550
SLC,BFL,371
SLC,BHM,5
SLC,BIL,1953
SLC,BLI,120
SLC,BNA,114
SLC,BOI,3370
SLC,BOS,707
SLC,BTM,704
SLC,BUR,1674
SLC,BWI,728
SLC,BZN,2029
SLC,CDC,666
SLC,CLE,348
SLC,CLT,211
SLC,CMH,290
SLC,COD,706
SLC,COS,1073
SLC,CPR,1006
SLC,CVG,1620
SLC,CYS,1
SLC,DCA,365
SLC,DEN,9269
SLC,DFW,3149
SLC,DRO,386
SLC,DSM,3
SLC,DTW,573
SLC,EKO,1579
SLC,ELP,120
SLC,EUG,714
SLC,EWR,812
SLC,FAI,80
SLC,FAR,95
SLC,FAT,849
SLC,FCA,1742
SLC,FLL,242
SLC,FSD,7
SLC,GCC,293
SLC,GEG,1947
SLC,GJT,1062
SLC,GTF,1050
SLC,GUC,14
SLC,HDN,373
SLC,HLN,1215
SLC,HNL,366
SLC,IAD,523
SLC,IAH,2698
SLC,IDA,1788
SLC,JAC,1485
SLC,JFK,1784
SLC,LAS,5373
SLC,LAX,5178
SLC,LBB,1
SLC,LGA,24
SLC,LGB,2499
SLC,LIT,18
SLC,LWS,652
SLC,MCI,1051
SLC,MCO,687
SLC,MDW,997
SLC,MFR,726
SLC,MKE,5
SLC,MRY,6
SLC,MSO,1845
SLC,MSP,2191
SLC,MSY,328
SLC,MTJ,229
SLC,OAK,3134
SLC,OGD,1
SLC,OGG,261
SLC,OKC,740
SLC,OMA,605
SLC,ONT,1661
SLC,ORD,2863
SLC,PDX,3289
SLC,PHL,671
SLC,PHX,7168
SLC,PIH,1660
SLC,PIT,217
SLC,PSC,1602
SLC,PSP,901
SLC,RAP,757
SLC,RDM,720
SLC,RDU,328
SLC,RKS,349
SLC,RNO,1817
SLC,SAN,2548
SLC,SAT,587
SLC,SBA,688
SLC,SBP,285
SLC,SDF,2
SLC,SEA,3771
SLC,SFO,3705
SLC,SGF,1
SLC,SGU,2594
SLC,SJC,1372
SLC,SLE,484
SLC,SMF,1660
SLC,SNA,2016
SLC,STL,1386
SLC,SUN,2903
SLC,TPA,329
SLC,TUL,602
SLC,TUS,1485
SLC,TWF,1772
SLC,WYS,264
SLC,XNA,4
SLC,YKM,338
SLC,YUM,440
SLE,SLC,484
SLE,TWF,2
SMF,ABQ,466
SMF,ACV,616
SMF,ATL,682
SMF,BFL,229
SMF,BUR,3466
SMF,CLT,76
SMF,COS,426
SMF,DEN,3327
SMF,DFW,1347
SMF,GEG,371
SMF,HNL,366
SMF,IAD,366
SMF,IAH,1085
SMF,JFK,342
SMF,LAS,4064
SMF,LAX,5717
SMF,LGB,729
SMF,MCI,306
SMF,MDW,683
SMF,MSP,810
SMF,OGG,59
SMF,OKC,229
SMF,ONT,3814
SMF,ORD,1077
SMF,PDX,2482
SMF,PHL,207
SMF,PHX,4115
SMF,RDD,1
SMF,SAN,4573
SMF,SAT,228
SMF,SBA,1
SMF,SEA,3638
SMF,SFO,2300
SMF,SLC,1660
SMF,SNA,2503
SMF,TUL,228
SMF,TUS,467
SMX,LAX,1681
SNA,ATL,1463
SNA,AUS,246
SNA,CVG,285
SNA,DEN,3326
SNA,DFW,3656
SNA,EWR,954
SNA,HNL,64
SNA,IAH,1826
SNA,KOA,36
SNA,LAS,4130
SNA,LAX,33
SNA,LIH,23
SNA,MSP,1036
SNA,OAK,3652
SNA,OGG,60
SNA,ORD,2554
SNA,PDX,1418
SNA,PHX,5477
SNA,RNO,60
SNA,SAN,1
SNA,SEA,2862
SNA,SFO,3994
SNA,SJC,5401
SNA,SLC,2015
SNA,SMF,2498
SNA,STL,306
SPI,IAD,142
SPI,ORD,1083
SPS,DFW,1834
SRQ,ATL,3327
SRQ,BOS,23
SRQ,BWI,245
SRQ,CLE,118
SRQ,CLT,207
SRQ,CVG,445
SRQ,DCA,12
SRQ,DTW,219
SRQ,EWR,399
SRQ,IAH,70
SRQ,IND,155
SRQ,JFK,534
SRQ,LGA,74
SRQ,MDW,565
SRQ,STL,37
SRQ,TPA,2
STL,ABQ,366
STL,ATL,3956
STL,AUS,95
STL,BHM,366
STL,BNA,258
STL,BOS,865
STL,BWI,1676
STL,CLE,916
STL,CLT,1093
STL,CMH,674
STL,CVG,346
STL,DAL,2718
STL,DCA,1296
STL,DEN,2430
STL,DFW,3597
STL,DTW,2455
STL,EWR,1725
STL,FLL,472
STL,HOU,1340
STL,IAH,1003
STL,JFK,795
STL,LAS,1651
STL,LAX,1687
STL,LGA,1603
STL,LIT,666
STL,MCI,1785
STL,MCO,2421
STL,MDW,3755
STL,MEM,1048
STL,MIA,731
STL,MKE,321
STL,MSP,1696
STL,OKC,687
STL,OMA,1043
STL,ORD,4256
STL,PHL,576
STL,PHX,2763
STL,RDU,357
STL,RSW,417
STL,SAN,366
STL,SAT,246
STL,SDF,994
STL,SEA,566
STL,SFO,574
STL,SGF,366
STL,SLC,1386
STL,SNA,305
STL,SRQ,38
STL,TPA,1088
STL,TUL,899
STT,ATL,451
STT,BOS,88
STT,CLT,418
STT,EWR,232
STT,JFK,366
STT,LGA,9
STT,MIA,732
STT,PHL,198
STT,SJU,478
STX,ATL,64
STX,CLT,20
STX,JAX,2
STX,MGM,1
STX,MIA,349
SUN,SLC,2870
SUN,TWF,1
SUX,MSP,122
SWF,ATL,1617
SWF,BDL,1
SWF,BOS,1
SWF,DTW,724
SWF,FLL,476
SWF,MCO,835
SWF,PBI,360
SWF,TPA,235
SYR,ATL,1419
SYR,CAK,1
SYR,CLE,686
SYR,CLT,746
SYR,CVG,831
SYR,DCA,313
SYR,DFW,178
SYR,DTW,1015
SYR,EWR,1002
SYR,FLL,328
SYR,IAD,622
SYR,JFK,1825
SYR,MCO,391
SYR,ORD,2342
SYR,PHL,333
TEX,PHX,194
TLH,ATL,2484
TLH,CLT,240
TLH,FLL,261
TLH,IAH,482
TLH,MCO,219
TLH,MEM,1094
TLH,MIA,831
TLH,TPA,301
TOL,ATL,120
TOL,CVG,21
TOL,ORD,1337
TPA,ABQ,366
TPA,ALB,391
TPA,ATL,7313
TPA,AUS,367
TPA,BDL,1266
TPA,BHM,1052
TPA,BNA,1695
TPA,BOS,1782
TPA,BUF,728
TPA,BWI,3402
TPA,CAK,359
TPA,CLE,874
TPA,CLT,2825
TPA,CMH,973
TPA,CVG,1101
TPA,DAY,204
TPA,DCA,1554
TPA,DEN,1692
TPA,DFW,2804
TPA,DTW,1452
TPA,EWR,2837
TPA,FLL,3051
TPA,FNT,200
TPA,GPT,366
TPA,HOU,1411
TPA,HPN,60
TPA,IAD,1906
TPA,IAH,1962
TPA,IND,1578
TPA,ISP,1093
TPA,JAX,1006
TPA,JFK,3395
TPA,LAS,1178
TPA,LAX,519
TPA,LGA,1465
TPA,MCI,699
TPA,MCO,1
TPA,MDW,2218
TPA,MEM,860
TPA,MHT,741
TPA,MIA,1829
TPA,MKE,178
TPA,MSP,1005
TPA,MSY,1088
TPA,ORD,2288
TPA,ORF,366
TPA,PBI,1353
TPA,PHF,95
TPA,PHL,3380
TPA,PHX,1022
TPA,PIT,1096
TPA,PNS,136
TPA,PVD,981
TPA,RDU,1067
TPA,ROC,366
TPA,SAT,365
TPA,SDF,488
TPA,SJU,366
TPA,SLC,329
TPA,STL,1099
TPA,SWF,235
TPA,TLH,301
TRI,ATL,1808
TRI,CLT,16
TRI,CVG,249
TRI,MEM,44
TUL,ABQ,229
TUL,ASE,1
TUL,ATL,1980
TUL,AUS,90
TUL,CVG,883
TUL,DAL,2284
TUL,DEN,1631
TUL,DFW,3260
TUL,DTW,726
TUL,EWR,344
TUL,GJT,2
TUL,HOU,1300
TUL,IAH,2319
TUL,LAS,391
TUL,LAX,73
TUL,MCI,806
TUL,MCO,9
TUL,MEM,1094
TUL,MSP,717
TUL,OKC,1
TUL,OMA,1
TUL,ONT,227
TUL,ORD,2038
TUL,PHX,1021
TUL,PIA,1
TUL,SAN,228
TUL,SAT,88
TUL,SLC,599
TUL,SMF,225
TUL,STL,890
TUL,XNA,1
TUP,ATL,10
TUS,ABQ,718
TUS,ATL,667
TUS,AUS,229
TUS,CLT,207
TUS,DEN,2029
TUS,DFW,2676
TUS,ELP,88
TUS,EWR,186
TUS,GEG,151
TUS,IAD,112
TUS,IAH,1669
TUS,JFK,132
TUS,LAS,2242
TUS,LAX,4190
TUS,MCI,230
TUS,MDW,723
TUS,MSP,439
TUS,OAK,306
TUS,OMA,221
TUS,ONT,477
TUS,ORD,865
TUS,PHX,3474
TUS,PSP,1
TUS,RNO,219
TUS,SAN,1412
TUS,SAT,239
TUS,SEA,444
TUS,SFO,365
TUS,SLC,1485
TUS,SMF,465
TVC,CVG,129
TVC,DEN,89
TVC,DTW,1210
TVC,LGA,50
TVC,MSN,1
TVC,MSP,347
TVC,ORD,2436
TWF,BOI,1
TWF,SLC,1810
TWF,SUN,2
TXK,DFW,1250
TYR,DFW,1585
TYS,ATL,2431
TYS,AUS,3
TYS,CLE,511
TYS,CVG,954
TYS,DEN,511
TYS,DFW,1506
TYS,DTW,1424
TYS,EWR,651
TYS,IAD,96
TYS,IAH,1344
TYS,LGA,603
TYS,MCI,1
TYS,MCO,125
TYS,MEM,1460
TYS,MSP,365
TYS,ORD,2019
VLD,ATL,938
VPS,ATL,3045
VPS,CVG,103
VPS,DFW,1968
VPS,IAH,421
VPS,LGA,2
VPS,MEM,1045
VPS,ORD,236
WRG,KTN,363
WRG,PSG,364
WYS,SLC,264
XNA,ATL,1768
XNA,BHM,1
XNA,CAK,1
XNA,COS,1
XNA,CVG,101
XNA,DCA,209
XNA,DEN,685
XNA,DFW,2781
XNA,DTW,361
XNA,EWR,545
XNA,FAR,1
XNA,IAH,1435
XNA,LAX,358
XNA,LEX,1
XNA,LGA,766
XNA,MEM,1044
XNA,MIA,154
XNA,MSP,676
XNA,ORD,3114
XNA,RDU,104
XNA,RFD,1
XNA,SGF,1
XNA,SLC,4
YAK,CDV,363
YAK,JNU,362
YKM,SLC,340
YUM,GJT,1
YUM,IPL,326
YUM,LAS,99
YUM,LAX,1044
YUM,PHX,1961
YUM,SLC,440
